Planet Name,    UT Start,    UT Stop, UT 1st Contact, UT 4th Contact, Err(min), Reason,Frac1,Frac2,V mag, J mag,H mag,K mag,Depth, B-V,Chart,Type
     WTS-2 b,2018/03/10 09:52,2018/03/10 10:43,2018/03/10 08:26,2018/03/10 09:57,4, OBJ N/A,0.062,0.281,-----,13.92,13.46,13.41,0.0308,-----,Finder,P
   WASP-80 b,2018/03/09 12:05,2018/03/09 12:49,2018/03/09 11:19,2018/03/09 13:26,2.4, OBJ SUN,0.344,0.172,11.7,9.22,8.51,8.35,0.0293,0.9,Finder,P
   CoRoT-2 b,2018/03/04 11:30,2018/03/04 12:38,2018/03/04 09:14,2018/03/04 11:30,3.3, OBJ N/A,0.002,0.251,12.57,10.78,10.44,10.31,0.0275,0.85,Finder,P
   Qatar-2 b,2018/03/07 06:25,2018/03/07 10:02,2018/03/07 07:19,2018/03/07 09:08,10.2, N/A N/A,1,1,13.3,11.35,10.79,10.62,0.0272,0.7,Finder,P
   WASP-43 b,2018/03/04 02:57,2018/03/04 03:38,2018/03/04 01:54,2018/03/04 03:03,4.7, OBJ N/A,0.09,0.295,12.4,9.99,9.4,9.27,0.0255,1,Finder,P
   WASP-43 b,2018/03/07 07:25,2018/03/07 09:44,2018/03/07 07:59,2018/03/07 09:09,4.7, N/A N/A,1,1,12.4,9.99,9.4,9.27,0.0255,1,Finder,P
   WASP-43 b,2018/03/08 02:56,2018/03/08 05:15,2018/03/08 03:31,2018/03/08 04:40,4.7, N/A N/A,1,1,12.4,9.99,9.4,9.27,0.0255,1,Finder,P
Kepler-840 b,2018/03/05 09:49,2018/03/05 12:54,2018/03/05 07:31,2018/03/05 11:47,0.9, OBJ SUN,0.462,0.362,-----,13,12.68,12.6,0.022,-----,Finder,P
Kepler-840 b,2018/03/10 09:29,2018/03/10 12:48,2018/03/10 07:19,2018/03/10 11:34,0.9, OBJ SUN,0.49,0.388,-----,13,12.68,12.6,0.022,-----,Finder,P
    TrES-5 b,2018/03/06 09:43,2018/03/06 11:59,2018/03/06 09:13,2018/03/06 11:04,1.9, OBJ N/A,0.73,0.615,13.72,12.11,11.67,11.56,0.0206,0.93,Finder,P
    TrES-5 b,2018/03/09 09:31,2018/03/09 11:08,2018/03/09 08:22,2018/03/09 10:12,1.9, OBJ N/A,0.375,0.437,13.72,12.11,11.67,11.56,0.0206,0.93,Finder,P
  HAT-P-12 b,2018/03/04 04:23,2018/03/04 06:45,2018/03/04 03:15,2018/03/04 05:35,3.6, OBJ N/A,0.518,0.509,-----,10.79,10.24,10.11,0.0198,-0.24,Finder,P
  HAT-P-12 b,2018/03/07 07:12,2018/03/07 11:52,2018/03/07 08:22,2018/03/07 10:42,3.6, N/A N/A,1,1,-----,10.79,10.24,10.11,0.0198,-0.24,Finder,P
  WASP-135 b,2018/03/10 08:22,2018/03/10 11:15,2018/03/10 08:46,2018/03/10 10:26,2.8, OBJ N/A,1,0.87,13.28, -----,-----,-----,0.0194,0.97,Finder,P
   WASP-36 b,2018/03/04 05:45,2018/03/04 09:23,2018/03/04 06:39,2018/03/04 08:28,6.6, N/A N/A,1,1,12.7,11.61,11.35,11.29,0.0191,0.4,Finder,P
   WASP-36 b,2018/03/07 07:33,2018/03/07 09:15,2018/03/07 08:27,2018/03/07 10:16,6.6, N/A OBJ,0.44,0.47,12.7,11.61,11.35,11.29,0.0191,0.4,Finder,P
  HAT-P-37 b,2018/03/07 08:46,2018/03/07 12:51,2018/03/07 09:29,2018/03/07 11:49,9.2, OBJ SUN,1,0.876,13.23,12.09,11.71,11.67,0.019,-0.13,Finder,P
  HAT-P-18 b,2018/03/07 11:05,2018/03/07 12:51,2018/03/07 12:26,2018/03/07 15:09,5.5, N/A SUN,0.155,0.327,12.76,10.82,10.34,10.23,0.0186,-----,Finder,P
  HAT-P-44 b,2018/03/05 09:46,2018/03/05 12:54,2018/03/05 11:20,2018/03/05 14:27,15.8, N/A SUN,0.5,0.5,13.21,11.73,11.36,11.28,0.018,-0.01,Finder,P
    WASP-2 b,2018/03/06 12:13,2018/03/06 12:52,2018/03/06 12:23,2018/03/06 14:09,4.1, OBJ SUN,0.281,0.186,11.88,10.17,9.75,9.63,0.018,1.02,Finder,P
    HATS-2 b,2018/03/07 06:01,2018/03/07 10:09,2018/03/07 07:03,2018/03/07 09:07,2.4, N/A N/A,1,1,13.56,11.91,11.47,11.39,0.0178,0.02,Finder,P
Kepler-488 b,2018/03/09 08:42,2018/03/09 12:16,2018/03/09 09:00,2018/03/09 11:10,0.6, OBJ N/A,1,0.816,-----,13.72,13.4,13.41,0.0178,-----,Finder,P
 WASP-77 A b,2018/03/09 02:18,2018/03/09 02:54,2018/03/09 00:58,2018/03/09 03:07,4.9, SUN OBJ,0.276,0.138,10.29,8.77,8.37,8.4,0.0169,0.78,Finder,P
   WASP-84 b,2018/03/09 05:21,2018/03/09 09:34,2018/03/09 06:44,2018/03/09 09:29,2.3, N/A OBJ,1,0.765,10.83,9.35,8.96,8.86,0.0168,0.81,Finder,P
    HATS-1 b,2018/03/10 09:40,2018/03/10 10:58,2018/03/10 10:52,2018/03/10 13:17,5, N/A OBJ,0.04,0.27,12.05,10.92,10.63,10.58,0.0166,0.69,Finder,P
   WASP-55 b,2018/03/07 10:54,2018/03/07 12:51,2018/03/07 12:40,2018/03/07 16:11,3.2, N/A SUN,0.055,0.277,11.75,10.78,10.44,10.4,0.0158,0.94,Finder,P
Kepler-723 b,2018/03/09 09:00,2018/03/09 10:45,2018/03/09 05:53,2018/03/09 09:08,0.3, OBJ N/A,0.038,0.269,-----,13.95,13.59,13.5,0.0156,-----,Finder,P
   WASP-64 b,2018/03/04 02:15,2018/03/04 05:21,2018/03/04 03:03,2018/03/04 05:27,3.6, SUN OBJ,0.962,0.647,12.29,11.37,11.08,10.96,0.0152,-----,Finder,P
  WASP-104 b,2018/03/05 02:28,2018/03/05 03:45,2018/03/05 01:07,2018/03/05 02:52,3.9, OBJ N/A,0.231,0.366,-----,10.36,9.98,9.88,0.0147,-----,Finder,P
Kepler-485 b,2018/03/06 09:36,2018/03/06 12:52,2018/03/06 10:05,2018/03/06 13:07,0.3, OBJ SUN,0.919,0.541,-----,13.78,13.48,13.43,0.0147,-----,Finder,P
  WASP-104 b,2018/03/10 06:37,2018/03/10 10:09,2018/03/10 07:30,2018/03/10 09:16,4, N/A N/A,1,1,-----,10.36,9.98,9.88,0.0147,-----,Finder,P
Kepler-686 b,2018/03/04 09:36,2018/03/04 12:55,2018/03/04 10:27,2018/03/04 12:25,0.3, OBJ SUN,1,0.847,-----,14.35,13.94,13.92,0.0146,-----,Finder,P
Kepler-854 b,2018/03/06 09:50,2018/03/06 12:52,2018/03/06 08:28,2018/03/06 12:22,1.5, OBJ SUN,0.65,0.39,-----,12.38,12.11,12.05,0.0146,-----,Finder,P
Kepler-854 b,2018/03/08 09:59,2018/03/08 12:50,2018/03/08 11:56,2018/03/08 15:51,1.5, N/A SUN,0.229,0.365,-----,12.38,12.11,12.05,0.0146,-----,Finder,P
  HAT-P-27 b,2018/03/05 11:14,2018/03/05 12:54,2018/03/05 12:05,2018/03/05 13:46,7.2, N/A SUN,0.485,0.492,12.2,10.63,10.25,10.11,0.0143,0.99,Finder,P
  HAT-P-36 b,2018/03/05 02:51,2018/03/05 07:07,2018/03/05 03:48,2018/03/05 06:01,8.5, OBJ N/A,1,0.965,12.26,11.05,10.72,10.6,0.0141,0.82,Finder,P
  HAT-P-36 b,2018/03/06 10:33,2018/03/06 12:52,2018/03/06 11:39,2018/03/06 13:52,8.5, N/A SUN,0.551,0.525,12.26,11.05,10.72,10.6,0.0141,0.82,Finder,P
  HAT-P-36 b,2018/03/09 02:35,2018/03/09 06:41,2018/03/09 03:22,2018/03/09 05:35,8.5, OBJ N/A,1,0.927,12.26,11.05,10.72,10.6,0.0141,0.82,Finder,P
  HAT-P-36 b,2018/03/10 10:07,2018/03/10 12:48,2018/03/10 11:13,2018/03/10 13:26,8.5, N/A SUN,0.709,0.605,12.26,11.05,10.72,10.6,0.0141,0.82,Finder,P
   WASP-12 b,2018/03/04 02:15,2018/03/04 05:34,2018/03/04 01:10,2018/03/04 04:06,1.6, SUN N/A,0.634,0.567,11.69,10.48,10.23,10.19,0.0138,0.42,Finder,P
   WASP-12 b,2018/03/05 02:15,2018/03/05 07:46,2018/03/05 03:22,2018/03/05 06:18,1.6, SUN N/A,1,0.94,11.69,10.48,10.23,10.19,0.0138,0.42,Finder,P
   WASP-12 b,2018/03/06 04:06,2018/03/06 08:37,2018/03/06 05:34,2018/03/06 08:30,1.6, N/A OBJ,1,0.77,11.69,10.48,10.23,10.19,0.0138,0.42,Finder,P
   WASP-12 b,2018/03/07 06:18,2018/03/07 08:33,2018/03/07 07:46,2018/03/07 10:41,1.6, N/A OBJ,0.268,0.384,11.69,10.48,10.23,10.19,0.0138,0.42,Finder,P
 Kepler-12 b,2018/03/08 08:54,2018/03/08 12:50,2018/03/08 10:20,2018/03/08 15:02,0.2, OBJ SUN,0.532,0.419,13.8,12.41,12.11,12.07,0.0138,0.16,Finder,P
  HAT-P-23 b,2018/03/06 11:42,2018/03/06 12:52,2018/03/06 12:21,2018/03/06 14:32,7.9, OBJ SUN,0.242,0.268,11.94,11.1,10.85,10.79,0.0137,1.11,Finder,P
Kepler-718 b,2018/03/04 10:22,2018/03/04 12:55,2018/03/04 10:32,2018/03/04 12:37,0.3, OBJ SUN,1,0.613,-----,14.01,13.68,13.6,0.0136,-----,Finder,P
Kepler-718 b,2018/03/06 10:45,2018/03/06 12:52,2018/03/06 11:47,2018/03/06 13:52,0.3, N/A SUN,0.521,0.511,-----,14.01,13.68,13.6,0.0136,-----,Finder,P
  HAT-P-30 b,2018/03/05 03:34,2018/03/05 07:49,2018/03/05 04:38,2018/03/05 06:46,7, N/A N/A,1,1,10.42,9.44,9.22,9.15,0.0129,0.45,Finder,P
   WASP-57 b,2018/03/07 08:15,2018/03/07 12:51,2018/03/07 09:24,2018/03/07 11:42,2.5, N/A SUN,1,1,13.04,11.62,11.29,11.24,0.0127,0.56,Finder,P
   WASP-57 b,2018/03/10 06:45,2018/03/10 08:59,2018/03/10 05:32,2018/03/10 07:50,2.5, OBJ N/A,0.47,0.485,13.04,11.62,11.29,11.24,0.0127,0.56,Finder,P
   WASP-34 b,2018/03/06 04:28,2018/03/06 07:31,2018/03/06 04:22,2018/03/06 06:28,5.4, OBJ N/A,0.952,0.726,10.28,9.17,8.84,8.79,0.0126,0.77,Finder,P
Kepler-762 b,2018/03/06 09:30,2018/03/06 12:52,2018/03/06 08:34,2018/03/06 12:24,1.1, OBJ SUN,0.757,0.44,-----,14.28,13.96,13.97,0.0118,-----,Finder,P
  HAT-P-16 b,2018/03/09 02:18,2018/03/09 03:04,2018/03/09 01:47,2018/03/09 04:50,4.9, SUN OBJ,0.25,0.125,10.81,9.85,9.62,9.6,0.0115,0.47,Finder,P
  CoRoT-11 b,2018/03/04 10:34,2018/03/04 11:56,2018/03/04 08:11,2018/03/04 10:41,19, OBJ N/A,0.047,0.274,12.8,11.59,11.42,11.25,0.0114,0.93,Finder,P
   WASP-33 b,2018/03/05 02:15,2018/03/05 04:56,2018/03/05 03:22,2018/03/05 06:03,2.2, SUN OBJ,0.585,0.497,8.3,7.58,7.52,7.47,0.0114,0.09,Finder,P
  CoRoT-11 b,2018/03/07 10:22,2018/03/07 11:48,2018/03/07 08:03,2018/03/07 10:33,19, OBJ N/A,0.069,0.285,12.8,11.59,11.42,11.25,0.0114,0.93,Finder,P
   WASP-33 b,2018/03/10 02:19,2018/03/10 04:31,2018/03/10 00:29,2018/03/10 03:10,2.2, SUN N/A,0.317,0.408,8.3,7.58,7.52,7.47,0.0114,0.09,Finder,P
  CoRoT-11 b,2018/03/10 10:11,2018/03/10 11:39,2018/03/10 07:54,2018/03/10 10:24,19, OBJ N/A,0.091,0.296,12.8,11.59,11.42,11.25,0.0114,0.93,Finder,P
Kepler-412 b,2018/03/06 10:42,2018/03/06 12:52,2018/03/06 11:44,2018/03/06 13:48,0.1, N/A SUN,0.551,0.526,13.73,13.19,12.93,13.84,0.0112,-----,Finder,P
  HAT-P-33 b,2018/03/08 03:32,2018/03/08 09:40,2018/03/08 05:45,2018/03/08 10:09,1.3, N/A OBJ,0.89,0.695,11.03,10.26,10.06,10,0.0112,0.63,Finder,P
      XO-2 b,2018/03/09 02:18,2018/03/09 05:46,2018/03/09 01:45,2018/03/09 04:25,11.1, SUN N/A,0.79,0.645,11.18,9.74,9.34,9.31,0.0108,0.82,Finder,P
  HAT-P-41 b,2018/03/09 11:24,2018/03/09 12:49,2018/03/09 12:01,2018/03/09 16:06,7, OBJ SUN,0.195,0.173,11.36,10.01,9.78,9.73,0.0106,0.29,Finder,P
   WASP-83 b,2018/03/08 05:37,2018/03/08 11:14,2018/03/08 06:11,2018/03/08 09:33,9.8, OBJ N/A,1,0.833,12.9,10.8,10.47,10.39,0.0104,-----,Finder,P
    WASP-3 b,2018/03/05 09:14,2018/03/05 11:51,2018/03/05 07:39,2018/03/05 10:27,5.6, OBJ N/A,0.434,0.467,10.64,9.6,9.41,9.36,0.0103,0.37,Finder,P
      XO-5 b,2018/03/10 02:19,2018/03/10 06:15,2018/03/10 01:52,2018/03/10 04:48,2.2, SUN N/A,0.844,0.672,12.13,10.77,10.44,10.35,0.0103,0.84,Finder,P
   WASP-56 b,2018/03/09 10:36,2018/03/09 12:49,2018/03/09 12:23,2018/03/09 15:57,2.7, N/A SUN,0.12,0.31,11.48,10.87,10.6,10.53,0.0102,1.26,Finder,P
   WASP-24 b,2018/03/08 06:55,2018/03/08 10:27,2018/03/08 06:25,2018/03/08 09:06,3.8, OBJ N/A,0.817,0.658,11.31,10.46,10.22,10.15,0.0101,0.78,Finder,P
  HAT-P-39 b,2018/03/08 02:18,2018/03/08 06:36,2018/03/08 00:19,2018/03/08 04:30,6.1, SUN N/A,0.528,0.514,12.42,11.42,11.18,11.16,0.0099,-----,Finder,P
 Kepler-15 b,2018/03/09 11:02,2018/03/09 12:49,2018/03/09 12:29,2018/03/09 15:23,1.2, N/A SUN,0.114,0.307,-----,12.58,12.28,12.22,0.0099,-----,Finder,P
 Kepler-77 b,2018/03/10 09:16,2018/03/10 12:48,2018/03/10 08:55,2018/03/10 11:51,0.3, OBJ SUN,0.882,0.601,-----,12.76,12.44,12.36,0.0098,-----,Finder,P
   WASP-15 b,2018/03/05 08:21,2018/03/05 12:33,2018/03/05 09:08,2018/03/05 12:51,13.8, OBJ OBJ,0.923,0.566,11,9.96,9.71,9.69,0.0097,0.37,Finder,P
   WASP-74 b,2018/03/07 12:16,2018/03/07 12:51,2018/03/07 11:32,2018/03/07 13:50,1.2, OBJ SUN,0.259,0.129,9.7,8.55,8.29,8.22,0.0096,-----,Finder,P
  HAT-P-21 b,2018/03/07 02:17,2018/03/07 06:49,2018/03/07 01:19,2018/03/07 04:59,7.9, SUN N/A,0.736,0.618,11.69,10.5,10.15,10.11,0.009,1.1,Finder,P
Kepler-490 b,2018/03/09 09:34,2018/03/09 12:33,2018/03/09 07:22,2018/03/09 10:49,0.3, OBJ N/A,0.36,0.43,-----,13.82,13.5,13.47,0.009,-----,Finder,P
   WASP-61 b,2018/03/07 02:17,2018/03/07 04:16,2018/03/07 01:16,2018/03/07 05:13,2.6, SUN OBJ,0.504,0.252,12.49,11.22,11.03,11.01,0.0088,0.34,Finder,P
   WASP-13 b,2018/03/05 07:03,2018/03/05 11:39,2018/03/05 09:05,2018/03/05 13:08,3.3, N/A OBJ,0.635,0.567,10.42,9.44,9.18,9.12,0.0084,0.89,Finder,P
    KELT-7 b,2018/03/07 03:29,2018/03/07 07:24,2018/03/07 05:14,2018/03/07 08:45,4.7, N/A OBJ,0.617,0.559,8.54,7.74,7.58,7.54,0.0083,-----,Finder,P
    KELT-7 b,2018/03/10 02:19,2018/03/10 04:09,2018/03/09 22:53,2018/03/10 02:23,4.7, SUN N/A,0.02,0.26,8.54,7.74,7.58,7.54,0.0083,-----,Finder,P
    KOI-13 b,2018/03/10 08:59,2018/03/10 12:48,2018/03/10 10:06,2018/03/10 13:19,2.1, OBJ SUN,0.839,0.596,9.95,9.47,9.46,9.43,0.0082,0.21,Finder,P
Kepler-493 b,2018/03/04 10:17,2018/03/04 11:54,2018/03/04 07:01,2018/03/04 10:17,1.6, OBJ N/A,0,0.25,-----,13.96,13.7,13.73,0.008,-----,Finder,P
Kepler-493 b,2018/03/07 10:05,2018/03/07 12:00,2018/03/07 07:07,2018/03/07 10:22,1.6, OBJ N/A,0.088,0.294,-----,13.96,13.7,13.73,0.008,-----,Finder,P
Kepler-493 b,2018/03/10 09:53,2018/03/10 12:05,2018/03/10 07:12,2018/03/10 10:27,1.6, OBJ N/A,0.176,0.338,-----,13.96,13.7,13.73,0.008,-----,Finder,P
      XO-4 b,2018/03/04 07:40,2018/03/04 10:57,2018/03/04 09:53,2018/03/04 14:19,5.2, N/A OBJ,0.242,0.371,10.78,9.67,9.48,9.41,0.0078,0.35,Finder,P
Kepler-685 b,2018/03/07 10:00,2018/03/07 12:51,2018/03/07 10:13,2018/03/07 12:36,0.4, OBJ SUN,1,0.597,-----,13.66,13.36,13.31,0.0071,-----,Finder,P
Kepler-730 b,2018/03/04 09:20,2018/03/04 12:55,2018/03/04 11:27,2018/03/04 15:46,1.2, OBJ SUN,0.339,0.414,-----,14.47,14.18,14.1,0.007,-----,Finder,P
Kepler-434 b,2018/03/05 11:34,2018/03/05 12:54,2018/03/05 12:43,2018/03/05 15:00,1.9, N/A SUN,0.081,0.291,-----,13.4,13.04,13.04,0.007,-----,Finder,P
   WASP-38 b,2018/03/10 07:34,2018/03/10 10:42,2018/03/10 03:36,2018/03/10 08:20,6.1, OBJ N/A,0.16,0.33,9.48,8.29,8.11,8,0.0069,0.48,Finder,P
   WASP-78 b,2018/03/06 02:16,2018/03/06 03:55,2018/03/06 02:22,2018/03/06 07:03,7.4, SUN OBJ,0.331,0.175,11.96,11.29,11.08,11.01,0.0065,0.69,Finder,P
  HAT-P-14 b,2018/03/06 11:32,2018/03/06 12:52,2018/03/06 12:37,2018/03/06 14:49,5.2, N/A SUN,0.116,0.308,9.98,9.09,8.93,8.85,0.0065,0.42,Finder,P
Kepler-719 b,2018/03/08 09:49,2018/03/08 12:50,2018/03/08 11:51,2018/03/08 16:04,1.2, OBJ SUN,0.233,0.358,-----,14.57,14.21,14.13,0.0064,-----,Finder,P
Kepler-491 b,2018/03/04 09:35,2018/03/04 11:19,2018/03/04 07:05,2018/03/04 09:54,0.3, OBJ N/A,0.112,0.306,-----,12.75,12.43,12.35,0.0063,-----,Finder,P
   WASP-82 b,2018/03/07 02:17,2018/03/07 05:49,2018/03/07 00:26,2018/03/07 05:25,2.3, SUN OBJ,0.63,0.353,10.1,9.05,8.87,8.76,0.0063,-----,Finder,P
Kepler-491 b,2018/03/08 11:05,2018/03/08 12:50,2018/03/08 12:29,2018/03/08 15:19,0.3, N/A SUN,0.122,0.311,-----,12.75,12.43,12.35,0.0063,-----,Finder,P
   GJ 3470 b,2018/03/08 07:23,2018/03/08 09:25,2018/03/08 08:21,2018/03/08 10:16,1.6, N/A OBJ,0.561,0.53,12.33,8.79,8.21,7.99,0.0057,1.17,Finder,P
    HATS-9 b,2018/03/09 12:18,2018/03/09 12:49,2018/03/09 11:22,2018/03/09 14:52,8.2, OBJ SUN,0.145,0.073,13.28,11.88,11.56,11.48,0.0053,0.8,Finder,P
  KELT-2 A b,2018/03/06 02:16,2018/03/06 08:20,2018/03/06 02:22,2018/03/06 07:32,7.8, SUN OBJ,1,0.586,8.71,7.67,7.42,7.35,0.0052,0.52,Finder,P
  KELT-2 A b,2018/03/10 02:31,2018/03/10 08:04,2018/03/10 05:06,2018/03/10 10:17,7.8, N/A OBJ,0.573,0.536,8.71,7.67,7.42,7.35,0.0052,0.52,Finder,P
Kepler-445 b,2018/03/05 11:49,2018/03/05 12:54,2018/03/05 12:20,2018/03/05 13:22,17.7, N/A SUN,0.546,0.523,-----,13.54,12.93,12.61,0.0046,-----,Finder,P
Kepler-445 b,2018/03/08 11:26,2018/03/08 12:50,2018/03/08 11:57,2018/03/08 12:59,17.7, N/A SUN,0.86,0.68,-----,13.54,12.93,12.61,0.0046,-----,Finder,P
   WASP-71 b,2018/03/09 02:18,2018/03/09 02:45,2018/03/09 01:06,2018/03/09 06:08,8.3, SUN OBJ,0.088,0.044,10.56,9.64,9.42,9.32,0.0044,0.79,Finder,P
Kepler-435 b,2018/03/06 09:46,2018/03/06 12:52,2018/03/06 09:54,2018/03/06 18:54,1.1, OBJ SUN,0.331,0.173,13.91,12.59,12.34,12.29,0.0041,-----,Finder,P
Kepler-703 b,2018/03/06 10:17,2018/03/06 12:52,2018/03/06 09:11,2018/03/06 11:54,1.8, OBJ SUN,0.597,0.477,-----,13.98,13.64,13.62,0.0035,-----,Finder,P
Kepler-495 b,2018/03/06 09:31,2018/03/06 12:52,2018/03/06 09:11,2018/03/06 11:47,0.8, OBJ SUN,0.872,0.645,-----,13.31,12.86,12.81,0.0034,-----,Finder,P
Kepler-446 b,2018/03/08 10:24,2018/03/08 11:41,2018/03/08 10:43,2018/03/08 11:22,10.2, N/A N/A,1,1,-----,13.59,13.07,12.82,0.0033,-----,Finder,P
 Kepler-14 b,2018/03/05 09:20,2018/03/05 12:54,2018/03/05 04:29,2018/03/05 10:42,2.9, OBJ SUN,0.219,0.286,12,11.2,11.07,10.99,0.0032,0.24,Finder,P
Kepler-546 b,2018/03/06 11:17,2018/03/06 12:52,2018/03/06 12:44,2018/03/06 15:38,1, N/A SUN,0.048,0.274,-----,13.07,12.78,12.78,0.0032,-----,Finder,P
Kepler-503 b,2018/03/09 09:39,2018/03/09 12:49,2018/03/09 05:14,2018/03/09 10:59,1.9, OBJ SUN,0.233,0.276,-----,13.46,13.14,13.04,0.0032,-----,Finder,P
 HD 149026 b,2018/03/06 07:20,2018/03/06 12:52,2018/03/06 08:57,2018/03/06 12:11,4.7, N/A SUN,1,0.856,8.16,7.12,6.9,6.82,0.0029,0.61,Finder,P
Kepler-562 b,2018/03/07 09:25,2018/03/07 12:51,2018/03/07 11:27,2018/03/07 16:26,2.6, OBJ SUN,0.281,0.346,-----,13.58,13.21,13.12,0.0029,-----,Finder,P
 HD 149026 b,2018/03/09 06:48,2018/03/09 10:50,2018/03/09 05:58,2018/03/09 09:12,4.7, OBJ N/A,0.741,0.621,8.16,7.12,6.9,6.82,0.0029,0.61,Finder,P
Kepler-678 b,2018/03/04 09:45,2018/03/04 12:55,2018/03/04 12:44,2018/03/04 20:15,2.8, OBJ SUN,0.025,0.21,-----,13.73,13.4,13.26,0.0027,-----,Finder,P
Kepler-696 b,2018/03/07 09:52,2018/03/07 12:51,2018/03/07 09:59,2018/03/07 12:49,1.8, OBJ SUN,1,0.526,-----,14.07,13.77,13.62,0.0027,-----,Finder,P
Kepler-505 b,2018/03/10 09:14,2018/03/10 12:31,2018/03/10 06:25,2018/03/10 10:29,5.6, OBJ N/A,0.308,0.404,-----,12.91,12.24,12.08,0.002,-----,Finder,P
Kepler-554 b,2018/03/04 10:47,2018/03/04 12:55,2018/03/04 11:53,2018/03/04 14:06,1, N/A SUN,0.466,0.483,-----,13.04,12.65,12.62,0.0019,-----,Finder,P
Kepler-554 b,2018/03/06 09:38,2018/03/06 12:51,2018/03/06 09:32,2018/03/06 11:45,1, OBJ N/A,0.954,0.727,-----,13.04,12.65,12.62,0.0019,-----,Finder,P
Kepler-533 b,2018/03/07 10:01,2018/03/07 12:51,2018/03/07 12:19,2018/03/07 16:54,3.8, N/A SUN,0.118,0.309,-----,12.34,11.78,11.68,0.0019,-----,Finder,P
Kepler-1350 b, 2018/03/09 09:13, 2018/03/09 12:47, 2018/03/09 10:07, 2018/03/09 11:5,4     13.,9 N/A N/A,1,1, ----,- 13.99,13.34,13.12,0.0019, -----, Finder, P
Kepler-595 b,2018/03/06 09:33,2018/03/06 12:52,2018/03/06 07:58,2018/03/06 12:29,5.6, OBJ SUN,0.649,0.367,-----,13.34,12.94,12.86,0.0018,-----,Finder,P
 Kepler-94 b,2018/03/08 08:42,2018/03/08 09:46,2018/03/08 07:23,2018/03/08 08:59,0, OBJ N/A,0.177,0.338,-----,11.18,10.68,10.59,0.0018,-----,Finder,P
Kepler-1321 c, 2018/03/08 09:37, 2018/03/08 10:53, 2018/03/08 08:18, 2018/03/08 10:0,2     11.,5 OBJ N/A,0.236,0.368, ----,- 14.83,14.22,13.88,0.0018, -----, Finder, P
Kepler-697 b,2018/03/10 10:17,2018/03/10 12:48,2018/03/10 11:50,2018/03/10 14:55,3.9, N/A SUN,0.313,0.406,-----,14.31,13.93,13.79,0.0018,-----,Finder,P
Kepler-661 b,2018/03/04 11:30,2018/03/04 12:55,2018/03/04 12:17,2018/03/04 13:52,4.2, N/A SUN,0.394,0.447,-----,14,13.37,13.23,0.0017,-----,Finder,P
Kepler-691 b,2018/03/04 11:14,2018/03/04 12:55,2018/03/04 12:22,2018/03/04 14:37,6.5, N/A SUN,0.245,0.372,-----,13.4,12.72,12.49,0.0014,-----,Finder,P
Kepler-472 b,2018/03/08 10:05,2018/03/08 12:50,2018/03/08 09:46,2018/03/08 13:28,2.1, OBJ SUN,0.745,0.372,-----,12.06,11.56,11.46,0.0014,-----,Finder,P
Kepler-580 b,2018/03/10 10:05,2018/03/10 12:48,2018/03/10 11:26,2018/03/10 14:08,5.6, N/A SUN,0.504,0.502,-----,13.09,12.44,12.31,0.0014,-----,Finder,P
Kepler-729 b,2018/03/05 09:20,2018/03/05 12:54,2018/03/05 10:00,2018/03/05 13:18,3.6, OBJ SUN,0.875,0.539,-----,14.47,14.03,14.09,0.0013,-----,Finder,P
Kepler-709 b,2018/03/04 10:16,2018/03/04 12:55,2018/03/04 12:03,2018/03/04 15:37,7.7, N/A SUN,0.244,0.372,-----,13.75,13.28,13.14,0.0012,-----,Finder,P
Kepler-1086 b, 2018/03/05 09:54, 2018/03/05 12:54, 2018/03/05 10:11, 2018/03/05 13:2,5     13.,4 OBJ SUN,0.836,0.462, ----,- 13.69,13.07,12.94,0.0012, -----, Finder, P
Kepler-656 b,2018/03/05 11:10,2018/03/05 12:54,2018/03/05 12:06,2018/03/05 13:58,2.5, N/A SUN,0.424,0.462,-----,14.05,13.62,13.5,0.0012,-----,Finder,P
Kepler-1161 b, 2018/03/06 10:07, 2018/03/06 12:52, 2018/03/06 08:50, 2018/03/06 11:3,3     17.,3 OBJ SUN,0.531,0.508, ----,- 13.88,13.26,13.14,0.0012, -----, Finder, P
Kepler-735 b,2018/03/08 11:05,2018/03/08 12:50,2018/03/08 12:06,2018/03/08 14:07,6.2, N/A SUN,0.365,0.433,-----,13.94,13.5,13.45,0.0012,-----,Finder,P
Kepler-739 b,2018/03/09 09:16,2018/03/09 12:49,2018/03/09 10:24,2018/03/09 14:24,8.6, OBJ SUN,0.604,0.443,-----,14.27,13.88,13.85,0.0012,-----,Finder,P
Kepler-103 c,2018/03/04 09:48,2018/03/04 12:55,2018/03/04 00:53,2018/03/04 10:11,0, OBJ SUN,0.041,0.167,11.88,11.19,10.94,10.87,0.0011,0.8,Finder,P
Kepler-599 b,2018/03/04 09:34,2018/03/04 12:55,2018/03/04 06:59,2018/03/04 11:06,9.5, OBJ SUN,0.374,0.408,-----,13.51,13.03,12.97,0.0011,-----,Finder,P
Kepler-715 b,2018/03/04 09:19,2018/03/04 12:55,2018/03/04 10:20,2018/03/04 15:33,9.1, OBJ SUN,0.494,0.345,-----,13.98,13.65,13.59,0.0011,-----,Finder,P
Kepler-728 b,2018/03/06 09:36,2018/03/06 12:52,2018/03/06 11:16,2018/03/06 14:44,5.9, OBJ SUN,0.464,0.475,-----,14.38,13.99,13.94,0.0011,-----,Finder,P
Kepler-543 b,2018/03/07 09:33,2018/03/07 12:51,2018/03/07 09:43,2018/03/07 13:17,3.7, OBJ SUN,0.881,0.465,-----,11.73,11.21,11.09,0.0011,-----,Finder,P
Kepler-660 b,2018/03/09 11:02,2018/03/09 12:49,2018/03/09 12:41,2018/03/09 15:59,6, N/A SUN,0.042,0.271,-----,13.67,13.12,13.03,0.0011,-----,Finder,P
Kepler-721 b,2018/03/08 09:33,2018/03/08 12:50,2018/03/08 11:03,2018/03/08 14:02,5.9, N/A SUN,0.601,0.55,-----,14.19,13.74,13.63,0.001,-----,Finder,P
Kepler-657 b,2018/03/09 09:18,2018/03/09 12:49,2018/03/09 09:08,2018/03/09 16:26,12.3, OBJ SUN,0.481,0.24,-----,14.13,13.81,13.76,0.001,-----,Finder,P
Kepler-621 b,2018/03/10 10:01,2018/03/10 12:48,2018/03/10 10:57,2018/03/10 12:48,3.2, N/A SUN,0.997,0.749,-----,13.15,12.53,12.41,0.001,-----,Finder,P
Kepler-913 b,2018/03/10 11:02,2018/03/10 12:48,2018/03/10 12:24,2018/03/10 15:07,16.1, N/A SUN,0.147,0.324,-----,14.36,13.52,13.48,0.001,-----,Finder,P
Kepler-701 b,2018/03/05 09:41,2018/03/05 12:54,2018/03/05 10:53,2018/03/05 14:18,9.4, OBJ SUN,0.588,0.47,-----,13.66,13.28,13.14,0.0009,-----,Finder,P
Kepler-675 b,2018/03/08 10:22,2018/03/08 12:50,2018/03/08 11:22,2018/03/08 13:23,4.2, N/A SUN,0.727,0.614,-----,13.81,13.3,13.2,0.0009,-----,Finder,P
Kepler-894 b,2018/03/09 09:09,2018/03/09 12:49,2018/03/09 09:02,2018/03/09 13:31,13.7, OBJ SUN,0.814,0.407,-----,14.33,13.91,13.84,0.0009,-----,Finder,P
Kepler-1350 c, 2018/03/09 09:13, 2018/03/09 11:54, 2018/03/09 09:53, 2018/03/09 11:1,4     19.,9 N/A N/A,1,1, ----,- 13.99,13.34,13.12,0.0009, -----, Finder, P
Kepler-648 b,2018/03/10 08:52,2018/03/10 12:48,2018/03/10 07:05,2018/03/10 12:07,5.6, OBJ SUN,0.647,0.391,-----,12.8,12.52,12.44,0.0009,-----,Finder,P
Kepler-863 b,2018/03/05 10:11,2018/03/05 12:54,2018/03/05 10:50,2018/03/05 15:56,13.1, OBJ SUN,0.404,0.267,-----,14.21,13.83,13.71,0.0008,-----,Finder,P
Kepler-727 b,2018/03/07 09:47,2018/03/07 12:51,2018/03/07 09:31,2018/03/07 12:24,7.9, OBJ SUN,0.909,0.532,-----,13.99,13.59,13.43,0.0008,-----,Finder,P
Kepler-860 b,2018/03/07 09:46,2018/03/07 12:51,2018/03/07 10:32,2018/03/07 13:07,7.8, OBJ SUN,0.898,0.594,-----,14.13,13.84,13.75,0.0008,-----,Finder,P
Kepler-893 b,2018/03/08 09:07,2018/03/08 12:50,2018/03/08 10:06,2018/03/08 13:23,9.5, OBJ SUN,0.834,0.567,-----,14.13,13.74,13.74,0.0008,-----,Finder,P
Kepler-585 b,2018/03/08 09:36,2018/03/08 12:50,2018/03/08 10:40,2018/03/08 12:47,2.4, N/A SUN,1,0.764,-----,12.81,12.46,12.4,0.0008,-----,Finder,P
Kepler-1042 b, 2018/03/10 09:24, 2018/03/10 12:37, 2018/03/10 07:54, 2018/03/10 11:0,3     14.,4 OBJ N/A,0.524,0.512, ----,- 14.02,13.44,13.37,0.0008, -----, Finder, P
Kepler-619 b,2018/03/05 09:29,2018/03/05 12:03,2018/03/05 08:20,2018/03/05 10:48,4.8, OBJ N/A,0.532,0.516,-----,13.58,13.26,13.29,0.0007,-----,Finder,P
Kepler-571 b,2018/03/05 09:09,2018/03/05 12:54,2018/03/05 08:51,2018/03/05 11:51,5.3, OBJ SUN,0.899,0.624,-----,13.41,13.05,12.99,0.0007,-----,Finder,P
Kepler-191 d,2018/03/06 11:07,2018/03/06 12:52,2018/03/06 12:25,2018/03/06 14:59,6.1, N/A SUN,0.181,0.34,-----,13.42,12.96,12.88,0.0007,-----,Finder,P
Kepler-461 b,2018/03/07 09:33,2018/03/07 11:35,2018/03/07 07:06,2018/03/07 10:05,4.4, OBJ N/A,0.176,0.338,-----,12.25,11.97,11.92,0.0007,-----,Finder,P
Kepler-994 b,2018/03/07 09:17,2018/03/07 10:39,2018/03/07 08:52,2018/03/07 10:03,2.4, OBJ N/A,0.643,0.571,-----,12.26,11.61,11.45,0.0007,-----,Finder,P
Kepler-753 b,2018/03/07 10:47,2018/03/07 12:51,2018/03/07 11:41,2018/03/07 13:31,7, N/A SUN,0.639,0.569,-----,12.61,11.97,11.88,0.0007,-----,Finder,P
Kepler-968 b,2018/03/08 10:44,2018/03/08 12:50,2018/03/08 11:35,2018/03/08 13:19,4.7, N/A SUN,0.72,0.61,-----,12.52,11.97,11.83,0.0007,-----,Finder,P
Kepler-994 b,2018/03/08 11:54,2018/03/08 12:50,2018/03/08 12:29,2018/03/08 13:41,2.4, N/A SUN,0.29,0.395,-----,12.26,11.61,11.45,0.0007,-----,Finder,P
Kepler-612 b,2018/03/09 10:07,2018/03/09 12:49,2018/03/09 11:07,2018/03/09 13:06,4.8, N/A SUN,0.857,0.678,-----,13.66,13.31,13.26,0.0007,-----,Finder,P
Kepler-694 b,2018/03/09 10:23,2018/03/09 12:49,2018/03/09 11:52,2018/03/09 14:51,6, N/A SUN,0.317,0.408,-----,13.88,13.52,13.49,0.0007,-----,Finder,P
Kepler-674 b,2018/03/09 11:53,2018/03/09 12:49,2018/03/09 12:24,2018/03/09 13:25,5.7, N/A SUN,0.407,0.453,-----,13.21,12.52,12.39,0.0007,-----,Finder,P
Kepler-844 b,2018/03/10 09:17,2018/03/10 12:48,2018/03/10 10:15,2018/03/10 12:10,11.5, N/A SUN,1,0.911,-----,13.8,13.19,13.06,0.0007,-----,Finder,P
Kepler-717 b,2018/03/10 09:32,2018/03/10 12:48,2018/03/10 10:51,2018/03/10 15:47,16.1, OBJ SUN,0.395,0.33,-----,14.43,13.97,14,0.0007,-----,Finder,P
 Kepler-69 b,2018/03/04 09:53,2018/03/04 12:55,2018/03/04 06:24,2018/03/04 11:22,12.2, OBJ SUN,0.299,0.304,14,12.63,12.28,12.23,0.0006,-----,Finder,P
Kepler-658 b,2018/03/04 09:04,2018/03/04 10:59,2018/03/04 08:43,2018/03/04 10:14,4.4, OBJ N/A,0.768,0.634,-----,13.44,12.73,12.63,0.0006,-----,Finder,P
Kepler-845 b,2018/03/04 09:31,2018/03/04 12:01,2018/03/04 09:52,2018/03/04 11:18,2.8, OBJ N/A,1,0.868,-----,13.09,12.57,12.52,0.0006,-----,Finder,P
Kepler-617 b,2018/03/04 12:13,2018/03/04 12:55,2018/03/04 12:54,2018/03/04 14:17,3.1, N/A SUN,0.009,0.255,-----,12.44,11.8,11.57,0.0006,-----,Finder,P
Kepler-845 b,2018/03/05 09:27,2018/03/05 10:17,2018/03/05 08:08,2018/03/05 09:34,2.8, OBJ N/A,0.079,0.289,-----,13.09,12.57,12.52,0.0006,-----,Finder,P
Kepler-877 b,2018/03/05 09:31,2018/03/05 12:54,2018/03/05 08:54,2018/03/05 12:12,12.4, OBJ SUN,0.813,0.511,-----,13.17,12.74,12.65,0.0006,-----,Finder,P
Kepler-499 b,2018/03/05 09:59,2018/03/05 12:54,2018/03/05 10:45,2018/03/05 12:54,4.9, OBJ SUN,0.996,0.676,-----,12.95,12.51,12.4,0.0006,-----,Finder,P
Kepler-902 b,2018/03/06 09:25,2018/03/06 12:52,2018/03/06 06:24,2018/03/06 11:35,18.5, OBJ SUN,0.419,0.333,-----,13.66,13.33,13.26,0.0006,-----,Finder,P
Kepler-1032 b, 2018/03/06 09:44, 2018/03/06 10:59, 2018/03/06 08:40, 2018/03/06 10:1,3      7.,4 OBJ N/A,0.307,0.403, ----,- 13.93,13.36,13.3,0.0006, -----, Finder, P
Kepler-603 b,2018/03/06 09:56,2018/03/06 12:52,2018/03/06 08:47,2018/03/06 16:00,19.7, OBJ SUN,0.408,0.204,-----,13.6,13.28,13.21,0.0006,-----,Finder,P
Kepler-466 b,2018/03/07 09:40,2018/03/07 12:51,2018/03/07 11:07,2018/03/07 17:30,5.8, OBJ SUN,0.272,0.25,-----,11.7,11.4,11.37,0.0006,-----,Finder,P
Kepler-956 b,2018/03/08 09:22,2018/03/08 12:43,2018/03/08 09:57,2018/03/08 11:47,2.9, OBJ N/A,1,0.907,-----,12.28,11.97,11.96,0.0006,-----,Finder,P
Kepler-1021 b, 2018/03/09 09:47, 2018/03/09 12:49, 2018/03/09 09:23, 2018/03/09 12:0,0     11.,4 OBJ SUN,0.844,0.579, ----,- 13.83,13.41,13.33,0.0006, -----, Finder, P
Kepler-732 c,2018/03/09 09:47,2018/03/09 12:00,2018/03/09 10:20,2018/03/09 11:27,2.5, N/A N/A,1,1,-----,12.6,11.95,11.72,0.0006,-----,Finder,P
Kepler-620 b,2018/03/09 09:06,2018/03/09 12:49,2018/03/09 10:34,2018/03/09 16:36,18.1, OBJ SUN,0.373,0.308,-----,13.59,13.29,13.28,0.0006,-----,Finder,P
Kepler-658 b,2018/03/09 11:31,2018/03/09 12:49,2018/03/09 12:17,2018/03/09 13:47,4.4, N/A SUN,0.357,0.428,-----,13.44,12.73,12.63,0.0006,-----,Finder,P
Kepler-732 c,2018/03/10 08:48,2018/03/10 09:26,2018/03/10 07:46,2018/03/10 08:53,2.5, OBJ N/A,0.065,0.282,-----,12.6,11.95,11.72,0.0006,-----,Finder,P
Kepler-618 b,2018/03/04 09:25,2018/03/04 12:55,2018/03/04 11:04,2018/03/04 14:24,11.6, N/A SUN,0.553,0.526,-----,13.67,13.42,13.34,0.0005,-----,Finder,P
Kepler-518 b,2018/03/05 09:34,2018/03/05 11:48,2018/03/05 08:30,2018/03/05 10:42,2.5, OBJ N/A,0.519,0.509,-----,11.47,11.19,11.11,0.0005,-----,Finder,P
Kepler-1136 b, 2018/03/05 09:14, 2018/03/05 11:01, 2018/03/05 09:11, 2018/03/05 10:2,4      7.,4 OBJ N/A,0.953,0.726, ----,- 13.87,13.22,13.17,0.0005, -----, Finder, P
Kepler-832 b,2018/03/05 09:58,2018/03/05 12:54,2018/03/05 11:13,2018/03/05 15:09,18.9, OBJ SUN,0.426,0.372,-----,14.68,14.29,14.2,0.0005,-----,Finder,P
Kepler-969 b,2018/03/05 09:21,2018/03/05 12:54,2018/03/05 11:26,2018/03/05 15:54,10.2, OBJ SUN,0.327,0.396,-----,12.41,11.98,11.9,0.0005,-----,Finder,P
Kepler-981 b,2018/03/05 11:53,2018/03/05 12:54,2018/03/05 12:47,2018/03/05 14:35,6.3, N/A SUN,0.064,0.282,-----,13.57,13.27,13.17,0.0005,-----,Finder,P
Kepler-500 b,2018/03/06 09:59,2018/03/06 12:52,2018/03/06 08:41,2018/03/06 12:11,5.1, OBJ SUN,0.631,0.414,-----,12.99,12.69,12.59,0.0005,-----,Finder,P
Kepler-616 b,2018/03/06 09:46,2018/03/06 12:52,2018/03/06 11:08,2018/03/06 14:23,10.1, OBJ SUN,0.536,0.478,-----,13.81,13.41,13.45,0.0005,-----,Finder,P
Kepler-1187 b, 2018/03/07 09:33, 2018/03/07 12:51, 2018/03/07 09:32, 2018/03/07 12:4,7     15.,2 OBJ SUN,0.995,0.51, ----,- 13.51,13.15,13.15,0.0005, -----, Finder, P
Kepler-1320 b, 2018/03/07 12:01, 2018/03/07 12:51, 2018/03/07 12:33, 2018/03/07 13:3,7      6.,4 N/A SUN,0.287,0.394, ----,- 14.23,13.71,13.66,0.0005, -----, Finder, P
Kepler-1073 b, 2018/03/08 09:58, 2018/03/08 12:50, 2018/03/08 08:00, 2018/03/08 11:2,9     13.,3 OBJ SUN,0.436,0.412, ----,- 13.33,12.96,12.92,0.0005, -----, Finder, P
Kepler-1320 b, 2018/03/08 09:30, 2018/03/08 10:59, 2018/03/08 09:24, 2018/03/08 10:2,7      6.,4 OBJ N/A,0.903,0.701, ----,- 14.23,13.71,13.66,0.0005, -----, Finder, P
Kepler-958 b,2018/03/08 11:46,2018/03/08 12:50,2018/03/08 12:44,2018/03/08 14:41,5.4, N/A SUN,0.053,0.276,-----,12.49,12.12,12.04,0.0005,-----,Finder,P
Kepler-1048 b, 2018/03/09 08:55, 2018/03/09 12:49, 2018/03/09 07:50, 2018/03/09 12:0,5     16.,8 OBJ SUN,0.745,0.459, ----,- 13.13,12.54,12.45,0.0005, -----, Finder, P
Kepler-601 b,2018/03/09 08:56,2018/03/09 12:27,2018/03/09 08:22,2018/03/09 11:05,6.4, OBJ N/A,0.795,0.648,-----,12.65,12.15,12.13,0.0005,-----,Finder,P
Kepler-587 b,2018/03/09 09:08,2018/03/09 12:34,2018/03/09 09:08,2018/03/09 11:26,12.7, OBJ N/A,1,0.752,-----,13.69,13.3,13.25,0.0005,-----,Finder,P
Kepler-901 b,2018/03/09 11:50,2018/03/09 12:49,2018/03/09 12:35,2018/03/09 14:04,4.8, N/A SUN,0.157,0.328,-----,12.75,12.1,11.91,0.0005,-----,Finder,P
Kepler-1366 b, 2018/03/10 09:05, 2018/03/10 10:28, 2018/03/10 08:24, 2018/03/10 09:4,7     15.,2 OBJ N/A,0.497,0.498, ----,- 13.77,13.1,12.96,0.0005, -----, Finder, P
Kepler-615 b,2018/03/10 08:42,2018/03/10 12:48,2018/03/10 08:50,2018/03/10 11:39,8.4, OBJ SUN,1,0.728,-----,12.65,12.07,11.97,0.0005,-----,Finder,P
Kepler-578 b,2018/03/10 11:58,2018/03/10 12:48,2018/03/10 12:45,2018/03/10 14:21,3.6, N/A SUN,0.024,0.262,-----,13.09,12.65,12.56,0.0005,-----,Finder,P
Kepler-464 b,2018/03/04 09:47,2018/03/04 12:55,2018/03/04 06:12,2018/03/04 11:03,3.8, OBJ SUN,0.261,0.321,-----,11.65,11.36,11.34,0.0004,-----,Finder,P
Kepler-992 b,2018/03/05 09:06,2018/03/05 11:58,2018/03/05 06:14,2018/03/05 10:03,11.9, OBJ N/A,0.248,0.374,-----,11.9,11.38,11.27,0.0004,-----,Finder,P
Kepler-808 b,2018/03/05 09:44,2018/03/05 11:57,2018/03/05 10:17,2018/03/05 11:24,2.6, N/A N/A,1,1,-----,12.55,12.01,11.88,0.0004,-----,Finder,P
Kepler-166 d,2018/03/06 09:33,2018/03/06 10:49,2018/03/06 08:09,2018/03/06 09:56,4.4, OBJ N/A,0.211,0.356,-----,13.35,12.94,12.88,0.0004,-----,Finder,P
Kepler-1206 b, 2018/03/06 10:31, 2018/03/06 12:52, 2018/03/06 11:10, 2018/03/06 12:2,9     10.,2 N/A SUN,1,0.902, ----,- 14.29,13.76,13.74,0.0004, -----, Finder, P
Kepler-680 b,2018/03/06 11:20,2018/03/06 12:52,2018/03/06 12:39,2018/03/06 15:17,12.1, N/A SUN,0.085,0.292,-----,14.01,13.72,13.76,0.0004,-----,Finder,P
Kepler-842 b,2018/03/07 09:24,2018/03/07 11:12,2018/03/07 08:51,2018/03/07 10:25,4.3, OBJ N/A,0.651,0.576,-----,13.54,13,12.91,0.0004,-----,Finder,P
Kepler-666 b,2018/03/07 09:51,2018/03/07 12:51,2018/03/07 09:30,2018/03/07 13:20,18.5, OBJ SUN,0.786,0.393,-----,14.2,13.85,13.81,0.0004,-----,Finder,P
Kepler-592 b,2018/03/07 09:00,2018/03/07 12:51,2018/03/07 09:55,2018/03/07 12:25,6.3, OBJ SUN,1,0.767,-----,13.63,13.3,13.22,0.0004,-----,Finder,P
Kepler-480 b,2018/03/07 09:32,2018/03/07 12:51,2018/03/07 10:11,2018/03/07 14:22,4.8, OBJ SUN,0.638,0.397,-----,12.33,12.11,12.06,0.0004,-----,Finder,P
Kepler-1148 b, 2018/03/08 09:26, 2018/03/08 11:33, 2018/03/08 09:58, 2018/03/08 11:0,1      5.,6 N/A N/A,1,1, ----,- 13.80,13.3,13.2,0.0004, -----, Finder, P
Kepler-866 b,2018/03/08 09:32,2018/03/08 12:50,2018/03/08 10:34,2018/03/08 12:36,13.4, N/A SUN,1,0.806,-----,14.17,13.61,13.48,0.0004,-----,Finder,P
Kepler-755 b,2018/03/08 11:05,2018/03/08 12:50,2018/03/08 11:52,2018/03/08 13:27,3.8, N/A SUN,0.612,0.556,-----,12.46,11.96,11.88,0.0004,-----,Finder,P
 Kepler-48 b,2018/03/09 10:07,2018/03/09 12:49,2018/03/09 10:10,2018/03/09 13:23,0, OBJ SUN,0.825,0.42,-----,11.7,11.29,11.22,0.0004,-----,Finder,P
Kepler-166 d,2018/03/09 09:52,2018/03/09 12:49,2018/03/09 10:45,2018/03/09 12:31,4.4, N/A SUN,1,0.834,-----,13.35,12.94,12.88,0.0004,-----,Finder,P
Kepler-1148 b, 2018/03/09 11:57, 2018/03/09 12:49, 2018/03/09 12:28, 2018/03/09 13:3,2      5.,6 N/A SUN,0.325,0.412, ----,- 13.80,13.3,13.2,0.0004, -----, Finder, P
Kepler-808 b,2018/03/10 10:57,2018/03/10 12:48,2018/03/10 11:30,2018/03/10 12:36,2.6, N/A SUN,1,0.835,-----,12.55,12.01,11.88,0.0004,-----,Finder,P
Kepler-839 b,2018/03/04 09:43,2018/03/04 12:55,2018/03/04 05:13,2018/03/04 13:48,19.5, OBJ SUN,0.372,0.186,-----,12.55,12.31,12.25,0.0003,-----,Finder,P
Kepler-526 b,2018/03/04 10:03,2018/03/04 12:55,2018/03/04 08:27,2018/03/04 12:29,7.8, OBJ SUN,0.602,0.354,-----,11.91,11.57,11.47,0.0003,-----,Finder,P
Kepler-1228 b, 2018/03/04 10:00, 2018/03/04 11:58, 2018/03/04 10:19, 2018/03/04 11:2,5      3.,4 OBJ N/A,1,0.895, ----,- 13.38,12.88,12.8,0.0003, -----, Finder, P
Kepler-1049 b, 2018/03/04 09:53, 2018/03/04 12:55, 2018/03/04 10:46, 2018/03/04 12:3,3      7.,7 N/A SUN,1,0.853, ----,- 11.97,11.35,11.18,0.0003, -----, Finder, P
Kepler-1205 b, 2018/03/04 11:02, 2018/03/04 12:55, 2018/03/04 11:39, 2018/03/04 12:5,3      7.,1 N/A SUN,1,0.765, ----,- 13.87,13.41,13.26,0.0003, -----, Finder, P
Kepler-1342 b, 2018/03/04 10:56, 2018/03/04 12:55, 2018/03/04 11:53, 2018/03/04 13:4,7     17.,5 N/A SUN,0.543,0.522, ----,- 13.97,13.54,13.53,0.0003, -----, Finder, P
Kepler-1096 b, 2018/03/04 11:12, 2018/03/04 12:55, 2018/03/04 11:53, 2018/03/04 13:1,5      9.,9 N/A SUN,0.751,0.625, ----,- 13.18,12.56,12.38,0.0003, -----, Finder, P
Kepler-872 b,2018/03/04 11:01,2018/03/04 12:55,2018/03/04 12:11,2018/03/04 14:31,9.6, N/A SUN,0.311,0.406,-----,13.79,13.46,13.39,0.0003,-----,Finder,P
Kepler-1317 b, 2018/03/04 11:37, 2018/03/04 12:55, 2018/03/04 12:14, 2018/03/04 13:2,7      5.,0 N/A SUN,0.563,0.532, ----,- 13.82,13.32,13.31,0.0003, -----, Finder, P
Kepler-1322 b, 2018/03/04 11:56, 2018/03/04 12:55, 2018/03/04 12:45, 2018/03/04 14:2,2     10.,2 N/A SUN,0.105,0.303, ----,- 14.57,14.17,14.07,0.0003, -----, Finder, P
Kepler-814 b,2018/03/05 09:06,2018/03/05 12:54,2018/03/05 09:03,2018/03/05 12:26,19.5, OBJ SUN,0.986,0.56,-----,13.71,13.41,13.42,0.0003,-----,Finder,P
Kepler-1259 b, 2018/03/05 10:01, 2018/03/05 11:27, 2018/03/05 09:51, 2018/03/05 10:5,5      6.,2 OBJ N/A,0.841,0.67, ----,- 13.87,13.34,13.28,0.0003, -----, Finder, P
Kepler-1322 b, 2018/03/05 11:02, 2018/03/05 12:54, 2018/03/05 11:51, 2018/03/05 13:2,9     10.,2 N/A SUN,0.642,0.571, ----,- 14.57,14.17,14.07,0.0003, -----, Finder, P
   CoRoT-7 b,2018/03/06 04:55,2018/03/06 07:10,2018/03/06 05:29,2018/03/06 06:37,2.2, N/A N/A,1,1,11.67,10.31,9.88,9.81,0.0003,0.86,Finder,P
Kepler-654 b,2018/03/06 09:55,2018/03/06 12:52,2018/03/06 09:32,2018/03/06 16:28,17.1, OBJ SUN,0.428,0.214,-----,12.52,12.2,12.16,0.0003,-----,Finder,P
Kepler-1145 b, 2018/03/06 09:58, 2018/03/06 12:52, 2018/03/06 10:11, 2018/03/06 12:0,0     13.,3 OBJ SUN,1,0.801, ----,- 13.97,13.48,13.31,0.0003, -----, Finder, P
Kepler-828 b,2018/03/06 10:22,2018/03/06 12:21,2018/03/06 10:52,2018/03/06 11:51,3.7, N/A N/A,1,1,-----,13.59,13.15,12.99,0.0003,-----,Finder,P
Kepler-1322 b, 2018/03/06 10:09, 2018/03/06 12:52, 2018/03/06 10:58, 2018/03/06 12:3,5     10.,2 N/A SUN,1,0.839, ----,- 14.57,14.17,14.07,0.0003, -----, Finder, P
 Kepler-98 b,2018/03/06 10:55,2018/03/06 12:52,2018/03/06 11:49,2018/03/06 13:37,0, N/A SUN,0.589,0.544,-----,11.67,11.32,11.25,0.0003,-----,Finder,P
   CoRoT-7 b,2018/03/07 02:17,2018/03/07 03:40,2018/03/07 01:58,2018/03/07 03:06,2.2, SUN N/A,0.727,0.614,11.67,10.31,9.88,9.81,0.0003,0.86,Finder,P
Kepler-1317 b, 2018/03/07 09:42, 2018/03/07 10:19, 2018/03/07 08:30, 2018/03/07 09:4,2      5.,0 OBJ N/A,0.008,0.254, ----,- 13.82,13.32,13.31,0.0003, -----, Finder, P
Kepler-1096 b, 2018/03/07 09:44, 2018/03/07 11:21, 2018/03/07 09:18, 2018/03/07 10:4,0      9.,9 OBJ N/A,0.685,0.592, ----,- 13.18,12.56,12.38,0.0003, -----, Finder, P
Kepler-1259 b, 2018/03/07 09:53, 2018/03/07 11:12, 2018/03/07 09:36, 2018/03/07 10:4,0      6.,2 OBJ N/A,0.721,0.611, ----,- 13.87,13.34,13.28,0.0003, -----, Finder, P
Kepler-1322 b, 2018/03/07 09:39, 2018/03/07 12:30, 2018/03/07 10:04, 2018/03/07 11:4,2     10.,2 OBJ N/A,1,0.877, ----,- 14.57,14.17,14.07,0.0003, -----, Finder, P
Kepler-1315 b, 2018/03/07 10:23, 2018/03/07 12:51, 2018/03/07 11:06, 2018/03/07 12:3,2      4.,7 N/A SUN,1,0.863, ----,- 13.33,12.81,12.68,0.0003, -----, Finder, P
Kepler-1356 b, 2018/03/07 11:00, 2018/03/07 12:51, 2018/03/07 11:28, 2018/03/07 12:2,3      9.,1 N/A N/A,1,1, ----,- 14.27,13.8,13.73,0.0003, -----, Finder, P
Kepler-624 b,2018/03/07 10:03,2018/03/07 12:51,2018/03/07 11:53,2018/03/07 15:55,9.3, OBJ SUN,0.24,0.348,-----,12.51,12.2,12.21,0.0003,-----,Finder,P
Kepler-1146 b, 2018/03/07 11:39, 2018/03/07 12:51, 2018/03/07 12:30, 2018/03/07 14:1,2     16.,7 N/A SUN,0.21,0.355, ----,- 14.23,13.64,13.52,0.0003, -----, Finder, P
 Kepler-99 b,2018/03/08 10:03,2018/03/08 12:43,2018/03/08 08:33,2018/03/08 11:20,0, OBJ N/A,0.459,0.479,-----,11.37,10.85,10.76,0.0003,-----,Finder,P
Kepler-1322 b, 2018/03/08 09:35, 2018/03/08 11:37, 2018/03/08 09:11, 2018/03/08 10:4,8     10.,2 OBJ N/A,0.745,0.623, ----,- 14.57,14.17,14.07,0.0003, -----, Finder, P
Kepler-1228 b, 2018/03/08 10:46, 2018/03/08 12:50, 2018/03/08 11:19, 2018/03/08 12:2,5      3.,4 N/A SUN,1,0.942, ----,- 13.38,12.88,12.8,0.0003, -----, Finder, P
Kepler-1317 b, 2018/03/08 11:11, 2018/03/08 12:50, 2018/03/08 11:48, 2018/03/08 13:0,1      5.,0 N/A SUN,0.854,0.677, ----,- 13.82,13.32,13.31,0.0003, -----, Finder, P
 Kepler-80 f,2018/03/08 11:59,2018/03/08 12:50,2018/03/08 12:41,2018/03/08 14:05,7.6, N/A SUN,0.113,0.307,-----,12.95,12.35,12.25,0.0003,-----,Finder,P
Kepler-1522 b, 2018/03/08 11:49, 2018/03/08 12:50, 2018/03/08 12:46, 2018/03/08 14:3,9      7.,0 N/A SUN,0.04,0.27, ----,- 13.10,12.73,12.62,0.0003, -----, Finder, P
Kepler-885 b,2018/03/09 09:01,2018/03/09 12:25,2018/03/09 04:34,2018/03/09 09:48,14, OBJ N/A,0.151,0.325,-----,11.83,11.63,11.54,0.0003,-----,Finder,P
Kepler-1604 b, 2018/03/09 09:03, 2018/03/09 09:44, 2018/03/09 08:15, 2018/03/09 09:1,5      4.,4 OBJ N/A,0.189,0.344, ----,- 13.39,12.92,12.82,0.0003, -----, Finder, P
Kepler-1322 b, 2018/03/09 09:31, 2018/03/09 10:43, 2018/03/09 08:17, 2018/03/09 09:5,5     10.,2 OBJ N/A,0.237,0.368, ----,- 14.57,14.17,14.07,0.0003, -----, Finder, P
Kepler-1356 b, 2018/03/09 09:29, 2018/03/09 10:30, 2018/03/09 09:06, 2018/03/09 10:0,2      9.,1 OBJ N/A,0.599,0.55, ----,- 14.27,13.8,13.73,0.0003, -----, Finder, P
Kepler-1259 b, 2018/03/09 09:46, 2018/03/09 10:56, 2018/03/09 09:20, 2018/03/09 10:2,4      6.,3 OBJ N/A,0.602,0.551, ----,- 13.87,13.34,13.28,0.0003, -----, Finder, P
Kepler-1138 b, 2018/03/09 10:35, 2018/03/09 12:49, 2018/03/09 11:23, 2018/03/09 12:5,7     15.,3 N/A SUN,0.912,0.706, ----,- 14.13,13.78,13.75,0.0003, -----, Finder, P
 Kepler-80 f,2018/03/09 11:40,2018/03/09 12:49,2018/03/09 12:22,2018/03/09 13:46,7.6, N/A SUN,0.326,0.413,-----,12.95,12.35,12.25,0.0003,-----,Finder,P
Kepler-1522 b, 2018/03/10 08:54, 2018/03/10 11:57, 2018/03/10 09:07, 2018/03/10 11:0,0      7.,0 OBJ N/A,1,0.805, ----,- 13.10,12.73,12.62,0.0003, -----, Finder, P
Kepler-1145 b, 2018/03/10 09:42, 2018/03/10 12:12, 2018/03/10 09:28, 2018/03/10 11:1,7     13.,4 OBJ N/A,0.872,0.686, ----,- 13.97,13.48,13.31,0.0003, -----, Finder, P
Kepler-828 b,2018/03/10 09:46,2018/03/10 11:45,2018/03/10 10:16,2018/03/10 11:15,3.7, N/A N/A,1,1,-----,13.59,13.15,12.99,0.0003,-----,Finder,P
Kepler-1257 b, 2018/03/10 09:57, 2018/03/10 12:48, 2018/03/10 11:08, 2018/03/10 13:3,0     17.,6 N/A SUN,0.705,0.603, ----,- 14.29,13.85,13.85,0.0003, -----, Finder, P
 Kepler-80 f,2018/03/10 11:20,2018/03/10 12:48,2018/03/10 12:02,2018/03/10 13:27,7.7, N/A SUN,0.538,0.519,-----,12.95,12.35,12.25,0.0003,-----,Finder,P
Kepler-1111 b, 2018/03/10 10:30, 2018/03/10 12:48, 2018/03/10 12:12, 2018/03/10 15:3,6     16.,2 N/A SUN,0.174,0.337, ----,- 13.60,13.29,13.24,0.0003, -----, Finder, P
Kepler-787 b,2018/03/10 11:42,2018/03/10 12:48,2018/03/10 12:21,2018/03/10 13:38,11.3, N/A SUN,0.348,0.424,-----,13.94,13.31,13.11,0.0003,-----,Finder,P
Kepler-406 b,2018/03/04 09:47,2018/03/04 11:57,2018/03/04 08:20,2018/03/04 10:45,0, OBJ N/A,0.399,0.45,-----,11.34,11.04,10.97,0.0002,-----,Finder,P
Kepler-1149 b, 2018/03/04 09:56, 2018/03/04 12:55, 2018/03/04 08:56, 2018/03/04 11:4,5     19.,3 OBJ SUN,0.646,0.531, ----,- 13.74,13.41,13.3,0.0002, -----, Finder, P
Kepler-922 b,2018/03/04 09:05,2018/03/04 11:09,2018/03/04 09:15,2018/03/04 10:31,4.8, OBJ N/A,1,0.81,-----,12.61,12.26,12.19,0.0002,-----,Finder,P
Kepler-743 b,2018/03/04 10:08,2018/03/04 10:48,2018/03/04 09:16,2018/03/04 10:17,3.6, OBJ N/A,0.16,0.33,-----,11.23,10.84,10.78,0.0002,-----,Finder,P
Kepler-629 b,2018/03/04 09:50,2018/03/04 12:55,2018/03/04 09:28,2018/03/04 12:34,7.7, OBJ SUN,0.878,0.495,-----,12.11,11.73,11.65,0.0002,-----,Finder,P
Kepler-1331 b, 2018/03/04 10:18, 2018/03/04 10:57, 2018/03/04 09:35, 2018/03/04 10:3,0      7.,4 OBJ N/A,0.219,0.359, ----,- 13.08,12.42,12.32,0.0002, -----, Finder, P
Kepler-1003 b, 2018/03/04 09:48, 2018/03/04 12:55, 2018/03/04 09:45, 2018/03/04 11:5,2      9.,1 OBJ N/A,0.98,0.74, ----,- 12.95,12.64,12.62,0.0002, -----, Finder, P
Kepler-1532 b, 2018/03/04 10:17, 2018/03/04 12:01, 2018/03/04 09:47, 2018/03/04 11:1,6      9.,5 OBJ N/A,0.666,0.583, ----,- 13.66,13.18,13.23,0.0002, -----, Finder, P
Kepler-1106 b, 2018/03/04 09:47, 2018/03/04 12:55, 2018/03/04 10:39, 2018/03/04 12:4,3      8.,2 OBJ SUN,1,0.755, ----,- 13.60,13.29,13.23,0.0002, -----, Finder, P
Kepler-1203 b, 2018/03/04 11:08, 2018/03/04 12:55, 2018/03/04 11:43, 2018/03/04 12:5,2      4.,7 N/A SUN,1,0.768, ----,- 12.86,12.19,12.06,0.0002, -----, Finder, P
Kepler-1377 b, 2018/03/04 11:23, 2018/03/04 12:55, 2018/03/04 11:56, 2018/03/04 13:0,4     12.,0 N/A SUN,0.87,0.685, ----,- 14.32,13.95,13.98,0.0002, -----, Finder, P
 Kepler-78 b,2018/03/04 12:14,2018/03/04 12:55,2018/03/04 12:38,2018/03/04 13:27,0.8, N/A SUN,0.338,0.419,11.72,10.18,9.68,9.59,0.0002,1.15,Finder,P
Kepler-922 b,2018/03/05 09:01,2018/03/05 09:40,2018/03/05 07:46,2018/03/05 09:02,4.8, OBJ N/A,0.01,0.255,-----,12.61,12.26,12.19,0.0002,-----,Finder,P
Kepler-1152 b, 2018/03/05 09:40, 2018/03/05 11:10, 2018/03/05 09:17, 2018/03/05 10:3,2      7.,8 OBJ N/A,0.693,0.596, ----,- 12.49,11.82,11.68,0.0002, -----, Finder, P
Kepler-990 c,2018/03/05 10:02,2018/03/05 11:51,2018/03/05 09:38,2018/03/05 11:07,5.9, OBJ N/A,0.728,0.614,-----,13.36,13.03,12.93,0.0002,-----,Finder,P
Kepler-1532 b, 2018/03/05 11:18, 2018/03/05 12:54, 2018/03/05 12:02, 2018/03/05 13:3,1      9.,5 N/A SUN,0.577,0.539, ----,- 13.66,13.18,13.23,0.0002, -----, Finder, P
Kepler-1029 b, 2018/03/05 11:10, 2018/03/05 12:54, 2018/03/05 12:07, 2018/03/05 14:0,2      9.,6 N/A SUN,0.403,0.451, ----,- 12.77,12.3,12.17,0.0002, -----, Finder, P
Kepler-1107 b, 2018/03/05 11:38, 2018/03/05 12:54, 2018/03/05 12:09, 2018/03/05 13:1,2      3.,5 N/A SUN,0.71,0.605, ----,- 12.68,12.24,12.15,0.0002, -----, Finder, P
Kepler-763 b,2018/03/05 12:13,2018/03/05 12:54,2018/03/05 12:49,2018/03/05 14:00,14.3, N/A SUN,0.064,0.282,-----,14.24,13.76,13.75,0.0002,-----,Finder,P
Kepler-1367 b, 2018/03/06 09:17, 2018/03/06 10:39, 2018/03/06 08:15, 2018/03/06 09:5,1     16.,1 OBJ N/A,0.352,0.426, ----,- 13.51,12.86,12.7,0.0002, -----, Finder, P
Kepler-1310 b, 2018/03/06 09:19, 2018/03/06 10:08, 2018/03/06 08:22, 2018/03/06 09:3,3      5.,1 OBJ N/A,0.203,0.352, ----,- 12.91,12.52,12.44,0.0002, -----, Finder, P
Kepler-641 b,2018/03/06 09:46,2018/03/06 12:52,2018/03/06 09:04,2018/03/06 12:36,11.9, OBJ SUN,0.803,0.441,-----,12.58,12.26,12.19,0.0002,-----,Finder,P
Kepler-1200 b, 2018/03/06 10:00, 2018/03/06 11:31, 2018/03/06 09:12, 2018/03/06 10:4,5     13.,3 OBJ N/A,0.48,0.49, ----,- 13.96,13.38,13.2,0.0002, -----, Finder, P
Kepler-756 b,2018/03/06 09:44,2018/03/06 12:05,2018/03/06 09:32,2018/03/06 11:14,14.9, OBJ N/A,0.881,0.691,-----,14.13,13.66,13.54,0.0002,-----,Finder,P
Kepler-990 c,2018/03/06 10:44,2018/03/06 12:52,2018/03/06 11:28,2018/03/06 12:57,5.9, N/A SUN,0.949,0.724,-----,13.36,13.03,12.93,0.0002,-----,Finder,P
Kepler-1171 b, 2018/03/06 10:17, 2018/03/06 12:52, 2018/03/06 11:47, 2018/03/06 14:4,8      7.,2 N/A SUN,0.361,0.43, ----,- 10.75,10.59,10.55,0.0002, -----, Finder, P
Kepler-611 b,2018/03/06 10:23,2018/03/06 12:52,2018/03/06 11:59,2018/03/06 15:11,9.8, N/A SUN,0.279,0.39,-----,13.44,13.15,13.04,0.0002,-----,Finder,P
Kepler-645 b,2018/03/06 10:53,2018/03/06 12:52,2018/03/06 12:22,2018/03/06 15:21,6.9, N/A SUN,0.169,0.334,-----,12.92,12.62,12.59,0.0002,-----,Finder,P
Kepler-198 d,2018/03/06 11:46,2018/03/06 12:52,2018/03/06 12:40,2018/03/06 14:26,4.9, N/A SUN,0.122,0.311,-----,12.42,12.07,12.03,0.0002,-----,Finder,P
Kepler-1537 b, 2018/03/06 12:14, 2018/03/06 12:52, 2018/03/06 12:43, 2018/03/06 13:4,1      7.,7 N/A SUN,0.165,0.333, ----,- 13.13,12.62,12.52,0.0002, -----, Finder, P
Kepler-1203 b, 2018/03/07 09:41, 2018/03/07 12:01, 2018/03/07 10:16, 2018/03/07 11:2,6      4.,7 N/A N/A,1,1, ----,- 12.86,12.19,12.06,0.0002, -----, Finder, P
Kepler-1377 b, 2018/03/07 10:30, 2018/03/07 12:45, 2018/03/07 11:04, 2018/03/07 12:1,1     12.,0 N/A N/A,1,1, ----,- 14.32,13.95,13.98,0.0002, -----, Finder, P
Kepler-1355 b, 2018/03/07 10:25, 2018/03/07 12:51, 2018/03/07 11:08, 2018/03/07 12:3,3     13.,0 N/A SUN,1,0.855, ----,- 14.18,13.72,13.75,0.0002, -----, Finder, P
Kepler-1179 b, 2018/03/07 10:42, 2018/03/07 12:44, 2018/03/07 11:12, 2018/03/07 12:1,4      7.,3 N/A N/A,1,1, ----,- 12.70,12.25,12.19,0.0002, -----, Finder, P
Kepler-1415 b, 2018/03/07 10:51, 2018/03/07 12:51, 2018/03/07 11:23, 2018/03/07 12:2,6     12.,0 N/A SUN,1,0.948, ----,- 14.39,13.97,13.95,0.0002, -----, Finder, P
Kepler-1073 c, 2018/03/07 10:40, 2018/03/07 12:51, 2018/03/07 12:03, 2018/03/07 14:4,9     17.,8 N/A SUN,0.294,0.397, ----,- 13.33,12.96,12.92,0.0002, -----, Finder, P
Kepler-1200 b, 2018/03/07 11:17, 2018/03/07 12:51, 2018/03/07 12:03, 2018/03/07 13:3,5     13.,3 N/A SUN,0.523,0.511, ----,- 13.96,13.38,13.2,0.0002, -----, Finder, P
Kepler-1282 b, 2018/03/08 09:20, 2018/03/08 11:16, 2018/03/08 08:33, 2018/03/08 10:2,2     15.,5 OBJ N/A,0.567,0.533, ----,- 14.32,13.94,13.85,0.0002, -----, Finder, P
Kepler-1310 b, 2018/03/08 09:11, 2018/03/08 11:03, 2018/03/08 09:17, 2018/03/08 10:2,8      5.,1 OBJ N/A,1,0.794, ----,- 12.91,12.52,12.44,0.0002, -----, Finder, P
Kepler-825 b,2018/03/08 09:57,2018/03/08 12:50,2018/03/08 09:30,2018/03/08 12:11,15.7, OBJ SUN,0.827,0.536,-----,13.07,12.73,12.67,0.0002,-----,Finder,P
Kepler-1308 b, 2018/03/08 09:46, 2018/03/08 11:58, 2018/03/08 10:19, 2018/03/08 11:2,5      9.,7 N/A N/A,1,1, ----,- 11.88,11.24,11.02,0.0002, -----, Finder, P
 Kepler-78 b,2018/03/08 09:57,2018/03/08 11:35,2018/03/08 10:21,2018/03/08 11:10,0.8, N/A N/A,1,1,11.72,10.18,9.68,9.59,0.0002,1.15,Finder,P
Kepler-619 c,2018/03/08 11:07,2018/03/08 12:50,2018/03/08 11:53,2018/03/08 13:23,6.6, N/A SUN,0.634,0.567,-----,13.58,13.26,13.29,0.0002,-----,Finder,P
Kepler-1379 b, 2018/03/08 12:05, 2018/03/08 12:50, 2018/03/08 12:44, 2018/03/08 14:0,2     17.,1 N/A SUN,0.079,0.289, ----,- 14.41,13.99,13.8,0.0002, -----, Finder, P
Kepler-537 b,2018/03/09 09:01,2018/03/09 11:38,2018/03/09 07:55,2018/03/09 10:24,7.6, OBJ N/A,0.557,0.528,-----,12.01,11.71,11.62,0.0002,-----,Finder,P
Kepler-1150 b, 2018/03/09 09:34, 2018/03/09 11:27, 2018/03/09 08:25, 2018/03/09 10:2,6     14.,3 OBJ N/A,0.434,0.467, ----,- 12.79,12.21,12.13,0.0002, -----, Finder, P
Kepler-1171 b, 2018/03/09 09:56, 2018/03/09 12:49, 2018/03/09 09:02, 2018/03/09 12:0,3      7.,3 OBJ SUN,0.699,0.477, ----,- 10.75,10.59,10.55,0.0002, -----, Finder, P
Kepler-1415 b, 2018/03/09 08:52, 2018/03/09 10:47, 2018/03/09 09:12, 2018/03/09 10:1,5     12.,0 OBJ N/A,1,0.902, ----,- 14.39,13.97,13.95,0.0002, -----, Finder, P
Kepler-1379 b, 2018/03/09 09:44, 2018/03/09 11:51, 2018/03/09 09:54, 2018/03/09 11:1,2     17.,1 OBJ N/A,1,0.812, ----,- 14.41,13.99,13.8,0.0002, -----, Finder, P
Kepler-1537 b, 2018/03/09 09:41, 2018/03/09 11:30, 2018/03/09 10:03, 2018/03/09 11:0,1      7.,7 OBJ N/A,1,0.94, ----,- 13.13,12.62,12.52,0.0002, -----, Finder, P
Kepler-1106 b, 2018/03/09 09:52, 2018/03/09 12:49, 2018/03/09 10:54, 2018/03/09 12:5,9      8.,2 N/A SUN,0.921,0.711, ----,- 13.60,13.29,13.23,0.0002, -----, Finder, P
Kepler-1367 b, 2018/03/09 11:00, 2018/03/09 12:49, 2018/03/09 11:48, 2018/03/09 13:2,4     16.,1 N/A SUN,0.632,0.566, ----,- 13.51,12.86,12.7,0.0002, -----, Finder, P
 Kepler-78 b,2018/03/09 11:31,2018/03/09 12:49,2018/03/09 11:55,2018/03/09 12:44,0.8, N/A SUN,1,0.801,11.72,10.18,9.68,9.59,0.0002,1.15,Finder,P
Kepler-1107 b, 2018/03/09 11:34, 2018/03/09 12:49, 2018/03/09 12:05, 2018/03/09 13:0,8      3.,5 N/A SUN,0.7,0.6, ----,- 12.68,12.24,12.15,0.0002, -----, Finder, P
Kepler-775 b,2018/03/09 11:27,2018/03/09 12:49,2018/03/09 12:15,2018/03/09 13:51,3.9, N/A SUN,0.353,0.426,-----,12.21,11.82,11.77,0.0002,-----,Finder,P
Kepler-932 b,2018/03/09 11:38,2018/03/09 12:49,2018/03/09 12:30,2018/03/09 14:16,5.3, N/A SUN,0.176,0.338,-----,12.73,12.27,12.21,0.0002,-----,Finder,P
Kepler-1012 b, 2018/03/10 09:09, 2018/03/10 10:55, 2018/03/10 06:30, 2018/03/10 09:2,7     10.,0 OBJ N/A,0.099,0.299, ----,- 12.06,11.76,11.66,0.0002, -----, Finder, P
Kepler-1157 b, 2018/03/10 08:53, 2018/03/10 11:33, 2018/03/10 08:01, 2018/03/10 10:2,3     18.,4 OBJ N/A,0.637,0.569, ----,- 12.68,12.11,12.02,0.0002, -----, Finder, P
Kepler-1203 b, 2018/03/10 09:29, 2018/03/10 10:34, 2018/03/10 08:50, 2018/03/10 09:5,9      4.,7 OBJ N/A,0.43,0.465, ----,- 12.86,12.19,12.06,0.0002, -----, Finder, P
Kepler-1310 b, 2018/03/10 09:36, 2018/03/10 11:58, 2018/03/10 10:12, 2018/03/10 11:2,2      5.,1 N/A N/A,1,1, ----,- 12.91,12.52,12.44,0.0002, -----, Finder, P
Kepler-1377 b, 2018/03/10 09:38, 2018/03/10 11:52, 2018/03/10 10:12, 2018/03/10 11:1,9     12.,0 N/A N/A,1,1, ----,- 14.32,13.95,13.98,0.0002, -----, Finder, P
Kepler-755 c,2018/03/10 10:14,2018/03/10 12:48,2018/03/10 10:57,2018/03/10 12:23,6.9, N/A SUN,1,0.894,-----,12.46,11.96,11.88,0.0002,-----,Finder,P
Kepler-198 d,2018/03/10 10:13,2018/03/10 12:48,2018/03/10 11:06,2018/03/10 12:53,4.9, N/A SUN,0.952,0.726,-----,12.42,12.07,12.03,0.0002,-----,Finder,P
Kepler-775 b,2018/03/10 10:51,2018/03/10 12:48,2018/03/10 11:39,2018/03/10 13:15,3.9, N/A SUN,0.718,0.609,-----,12.21,11.82,11.77,0.0002,-----,Finder,P
Kepler-1282 b, 2018/03/10 10:48, 2018/03/10 12:48, 2018/03/10 11:42, 2018/03/10 13:3,2     15.,5 N/A SUN,0.598,0.549, ----,- 14.32,13.94,13.85,0.0002, -----, Finder, P
Kepler-1091 b, 2018/03/10 11:33, 2018/03/10 12:48, 2018/03/10 12:30, 2018/03/10 14:2,2     11.,0 N/A SUN,0.16,0.33, ----,- 13.47,13.09,13.06,0.0002, -----, Finder, P
Kepler-507 b,2018/03/04 09:52,2018/03/04 12:55,2018/03/04 08:26,2018/03/04 11:41,9.4, OBJ SUN,0.561,0.47,-----,10.98,10.73,10.66,0.0001,-----,Finder,P
Kepler-1566 b, 2018/03/04 09:26, 2018/03/04 10:55, 2018/03/04 09:13, 2018/03/04 10:2,1     12.,0 OBJ N/A,0.809,0.654, ----,- 12.95,12.48,12.44,0.0001, -----, Finder, P
Kepler-1264 b, 2018/03/04 09:38, 2018/03/04 12:13, 2018/03/04 10:17, 2018/03/04 11:3,4     11.,5 OBJ N/A,1,0.997, ----,- 13.30,12.96,12.9,0.0001, -----, Finder, P
Kepler-1446 b, 2018/03/04 09:43, 2018/03/04 12:09, 2018/03/04 10:20, 2018/03/04 11:3,2      3.,5 N/A N/A,1,1, ----,- 10.80,10.3,10.2,0.0001, -----, Finder, P
Kepler-1173 b, 2018/03/04 10:15, 2018/03/04 12:19, 2018/03/04 10:46, 2018/03/04 11:4,8      7.,4 N/A N/A,1,1, ----,- 12.42,11.98,11.88,0.0001, -----, Finder, P
Kepler-398 d,2018/03/04 10:17,2018/03/04 12:55,2018/03/04 11:21,2018/03/04 13:30,10.6, N/A SUN,0.724,0.612,-----,11.51,10.93,10.79,0.0001,-----,Finder,P
Kepler-1338 b, 2018/03/04 10:36, 2018/03/04 12:55, 2018/03/04 11:22, 2018/03/04 12:5,4     14.,2 N/A SUN,1,0.752, ----,- 12.50,12.19,12.11,0.0001, -----, Finder, P
Kepler-1031 b, 2018/03/04 11:12, 2018/03/04 12:55, 2018/03/04 12:16, 2018/03/04 14:2,5     17.,7 N/A SUN,0.301,0.401, ----,- 12.70,12.4,12.35,0.0001, -----, Finder, P
Kepler-1340 b, 2018/03/04 11:41, 2018/03/04 12:55, 2018/03/04 12:33, 2018/03/04 14:1,8     11.,5 N/A SUN,0.205,0.352, ----,- 13.56,13.28,13.24,0.0001, -----, Finder, P
Kepler-1542 d, 2018/03/05 09:25, 2018/03/05 10:56, 2018/03/05 07:07, 2018/03/05 09:4,0     18.,0 OBJ N/A,0.097,0.299, ----,- 11.42,11.03,10.99,0.0001, -----, Finder, P
Kepler-466 c,2018/03/05 09:48,2018/03/05 11:31,2018/03/05 07:41,2018/03/05 10:14,8.2, OBJ N/A,0.17,0.335,-----,11.7,11.4,11.37,0.0001,-----,Finder,P
Kepler-1076 b, 2018/03/05 09:08, 2018/03/05 12:24, 2018/03/05 08:15, 2018/03/05 11:0,1     16.,4 OBJ N/A,0.68,0.59, ----,- 11.30,10.79,10.66,0.0001, -----, Finder, P
Kepler-1035 b, 2018/03/05 09:37, 2018/03/05 10:44, 2018/03/05 08:50, 2018/03/05 10:0,6      6.,5 OBJ N/A,0.379,0.439, ----,- 11.82,11.46,11.42,0.0001, -----, Finder, P
Kepler-1409 b, 2018/03/05 09:18, 2018/03/05 11:13, 2018/03/05 09:27, 2018/03/05 10:3,7     15.,0 OBJ N/A,1,0.816, ----,- 13.78,13.3,13.25,0.0001, -----, Finder, P
Kepler-1264 b, 2018/03/05 09:35, 2018/03/05 11:27, 2018/03/05 09:31, 2018/03/05 10:4,9     11.,5 OBJ N/A,0.958,0.729, ----,- 13.30,12.96,12.9,0.0001, -----, Finder, P
Kepler-1338 b, 2018/03/05 09:21, 2018/03/05 12:07, 2018/03/05 09:48, 2018/03/05 11:2,1     14.,2 OBJ N/A,1,0.9, ----,- 12.50,12.19,12.11,0.0001, -----, Finder, P
Kepler-746 b,2018/03/05 09:58,2018/03/05 12:54,2018/03/05 10:40,2018/03/05 12:30,15.2, OBJ SUN,1,0.796,-----,12.31,11.88,11.81,0.0001,-----,Finder,P
Kepler-1531 b, 2018/03/05 09:40, 2018/03/05 12:54, 2018/03/05 10:43, 2018/03/05 12:4,9     10.,8 N/A SUN,1,0.77, ----,- 12.14,11.88,11.77,0.0001, -----, Finder, P
Kepler-1566 b, 2018/03/05 10:33, 2018/03/05 12:50, 2018/03/05 11:07, 2018/03/05 12:1,6     12.,0 N/A N/A,1,1, ----,- 12.95,12.48,12.44,0.0001, -----, Finder, P
Kepler-889 b,2018/03/05 09:53,2018/03/05 12:54,2018/03/05 11:21,2018/03/05 14:18,17.4, N/A SUN,0.522,0.511,-----,11.64,11.38,11.33,0.0001,-----,Finder,P
Kepler-1547 b, 2018/03/05 10:52, 2018/03/05 12:54, 2018/03/05 11:25, 2018/03/05 12:3,0     10.,3 N/A SUN,1,0.935, ----,- 12.33,12.06,12,0.0001, -----, Finder, P
Kepler-607 b,2018/03/05 10:59,2018/03/05 12:54,2018/03/05 11:34,2018/03/05 12:45,12.7, N/A SUN,1,0.809,-----,12.96,12.5,12.43,0.0001,-----,Finder,P
Kepler-1346 b, 2018/03/05 10:54, 2018/03/05 12:54, 2018/03/05 11:48, 2018/03/05 13:3,6     16.,3 N/A SUN,0.61,0.555, ----,- 13.39,13.09,13.11,0.0001, -----, Finder, P
Kepler-1084 b, 2018/03/05 10:41, 2018/03/05 12:54, 2018/03/05 11:52, 2018/03/05 14:1,5      9.,7 N/A SUN,0.432,0.466, ----,- 11.18,10.9,10.84,0.0001, -----, Finder, P
Kepler-1311 c, 2018/03/06 09:33, 2018/03/06 12:37, 2018/03/06 06:42, 2018/03/06 10:3,9     19.,3 OBJ N/A,0.276,0.388, ----,- 12.17,11.86,11.82,0.0001, -----, Finder, P
Kepler-1338 b, 2018/03/06 09:17, 2018/03/06 10:34, 2018/03/06 08:15, 2018/03/06 09:4,7     14.,2 OBJ N/A,0.332,0.416, ----,- 12.50,12.19,12.11,0.0001, -----, Finder, P
Kepler-1264 b, 2018/03/06 09:31, 2018/03/06 10:42, 2018/03/06 08:46, 2018/03/06 10:0,3     11.,5 OBJ N/A,0.423,0.462, ----,- 13.30,12.96,12.9,0.0001, -----, Finder, P
Kepler-884 b,2018/03/06 09:28,2018/03/06 12:49,2018/03/06 09:14,2018/03/06 11:38,11.4, OBJ N/A,0.906,0.703,-----,11.93,11.6,11.55,0.0001,-----,Finder,P
Kepler-826 b,2018/03/06 09:26,2018/03/06 12:52,2018/03/06 09:43,2018/03/06 12:33,17.7, OBJ SUN,1,0.607,-----,12.37,12.06,12,0.0001,-----,Finder,P
Kepler-770 c,2018/03/06 09:35,2018/03/06 12:52,2018/03/06 10:32,2018/03/06 12:51,13.6, OBJ SUN,1,0.708,-----,13.39,13.01,12.92,0.0001,-----,Finder,P
Kepler-929 b,2018/03/06 10:24,2018/03/06 12:52,2018/03/06 11:40,2018/03/06 14:12,16.3, N/A SUN,0.479,0.49,-----,13.27,12.89,12.85,0.0001,-----,Finder,P
Kepler-908 b,2018/03/06 10:52,2018/03/06 12:52,2018/03/06 11:40,2018/03/06 13:17,7, N/A SUN,0.749,0.624,-----,10.41,10.04,9.99,0.0001,-----,Finder,P
Kepler-1222 b, 2018/03/06 10:57, 2018/03/06 12:52, 2018/03/06 11:41, 2018/03/06 13:0,9     15.,2 N/A SUN,0.817,0.659, ----,- 12.70,12.26,12.19,0.0001, -----, Finder, P
Kepler-1446 b, 2018/03/06 11:24, 2018/03/06 12:52, 2018/03/06 12:00, 2018/03/06 13:1,3      3.,5 N/A SUN,0.717,0.609, ----,- 10.80,10.3,10.2,0.0001, -----, Finder, P
Kepler-1340 b, 2018/03/06 11:34, 2018/03/06 12:52, 2018/03/06 12:26, 2018/03/06 14:1,1     11.,5 N/A SUN,0.251,0.376, ----,- 13.56,13.28,13.24,0.0001, -----, Finder, P
Kepler-625 c,2018/03/07 09:50,2018/03/07 12:11,2018/03/07 07:14,2018/03/07 10:32,14.9, OBJ N/A,0.21,0.355,-----,12.2,11.94,11.9,0.0001,-----,Finder,P
Kepler-520 c,2018/03/07 09:49,2018/03/07 12:51,2018/03/07 09:31,2018/03/07 12:49,11.3, OBJ SUN,0.907,0.459,-----,11.81,11.55,11.49,0.0001,-----,Finder,P
Kepler-607 b,2018/03/07 09:33,2018/03/07 11:18,2018/03/07 09:31,2018/03/07 10:42,12.7, OBJ N/A,0.973,0.737,-----,12.96,12.5,12.43,0.0001,-----,Finder,P
Kepler-929 b,2018/03/07 10:11,2018/03/07 12:51,2018/03/07 09:46,2018/03/07 12:18,16.3, OBJ SUN,0.838,0.529,-----,13.27,12.89,12.85,0.0001,-----,Finder,P
Kepler-1139 b, 2018/03/07 09:45, 2018/03/07 12:37, 2018/03/07 10:28, 2018/03/07 11:5,4      7.,4 N/A N/A,1,1, ----,- 12.75,12.35,12.34,0.0001, -----, Finder, P
Kepler-1100 b, 2018/03/07 09:38, 2018/03/07 12:51, 2018/03/07 10:46, 2018/03/07 13:2,6     16.,3 OBJ SUN,0.785,0.607, ----,- 12.76,12.49,12.46,0.0001, -----, Finder, P
Kepler-1579 b, 2018/03/07 10:17, 2018/03/07 12:28, 2018/03/07 10:50, 2018/03/07 11:5,5     16.,5 N/A N/A,1,1, ----,- 13.44,12.86,12.74,0.0001, -----, Finder, P
Kepler-1027 b, 2018/03/07 10:33, 2018/03/07 12:51, 2018/03/07 11:29, 2018/03/07 13:2,0      6.,2 N/A SUN,0.744,0.622, ----,- 11.54,11.23,11.12,0.0001, -----, Finder, P
Kepler-1387 b, 2018/03/07 11:37, 2018/03/07 12:51, 2018/03/07 12:25, 2018/03/07 14:0,1     18.,6 N/A SUN,0.276,0.388, ----,- 13.06,12.57,12.51,0.0001, -----, Finder, P
Kepler-1173 b, 2018/03/07 12:10, 2018/03/07 12:51, 2018/03/07 12:41, 2018/03/07 13:4,2      7.,4 N/A SUN,0.175,0.337, ----,- 12.42,11.98,11.88,0.0001, -----, Finder, P
Kepler-780 b,2018/03/08 08:53,2018/03/08 09:49,2018/03/08 07:05,2018/03/08 08:54,8.8, OBJ N/A,0.011,0.255,-----,12.21,11.89,11.82,0.0001,-----,Finder,P
Kepler-1525 b, 2018/03/08 09:12, 2018/03/08 10:46, 2018/03/08 07:49, 2018/03/08 09:4,7     10.,5 OBJ N/A,0.301,0.401, ----,- 11.57,11.28,11.19,0.0001, -----, Finder, P
Kepler-929 b,2018/03/08 10:07,2018/03/08 11:40,2018/03/08 07:52,2018/03/08 10:24,16.3, OBJ N/A,0.116,0.308,-----,13.27,12.89,12.85,0.0001,-----,Finder,P
Kepler-1104 b, 2018/03/08 09:29, 2018/03/08 12:15, 2018/03/08 09:25, 2018/03/08 11:1,8     13.,1 OBJ N/A,0.964,0.732, ----,- 11.21,11.01,10.97,0.0001, -----, Finder, P
Kepler-1222 b, 2018/03/08 09:31, 2018/03/08 11:53, 2018/03/08 09:41, 2018/03/08 11:0,9     15.,2 OBJ N/A,1,0.81, ----,- 12.70,12.26,12.19,0.0001, -----, Finder, P
Kepler-1409 b, 2018/03/08 10:17, 2018/03/08 12:38, 2018/03/08 10:52, 2018/03/08 12:0,3     15.,0 N/A N/A,1,1, ----,- 13.78,13.3,13.25,0.0001, -----, Finder, P
Kepler-1340 b, 2018/03/08 11:27, 2018/03/08 12:50, 2018/03/08 12:19, 2018/03/08 14:0,3     11.,5 N/A SUN,0.297,0.399, ----,- 13.56,13.28,13.24,0.0001, -----, Finder, P
Kepler-1067 b, 2018/03/09 09:01, 2018/03/09 10:45, 2018/03/09 09:08, 2018/03/09 10:1,2     17.,0 OBJ N/A,1,0.8, ----,- 13.11,12.78,12.66,0.0001, -----, Finder, P
Kepler-1027 b, 2018/03/09 09:16, 2018/03/09 12:02, 2018/03/09 09:16, 2018/03/09 11:0,7      6.,2 OBJ N/A,0.997,0.748, ----,- 11.54,11.23,11.12,0.0001, -----, Finder, P
Kepler-770 c,2018/03/09 09:23,2018/03/09 12:49,2018/03/09 09:20,2018/03/09 11:40,13.6, OBJ SUN,0.981,0.738,-----,13.39,13.01,12.92,0.0001,-----,Finder,P
Kepler-1031 b, 2018/03/09 09:33, 2018/03/09 12:49, 2018/03/09 09:59, 2018/03/09 12:0,8     17.,7 OBJ SUN,1,0.761, ----,- 12.70,12.4,12.35,0.0001, -----, Finder, P
Kepler-1117 b, 2018/03/09 09:53, 2018/03/09 12:49, 2018/03/09 11:15, 2018/03/09 13:5,9     18.,6 N/A SUN,0.572,0.536, ----,- 12.87,12.51,12.46,0.0001, -----, Finder, P
Kepler-1559 b, 2018/03/09 11:57, 2018/03/09 12:49, 2018/03/09 12:45, 2018/03/09 14:2,3     18.,7 N/A SUN,0.035,0.268, ----,- 13.15,12.73,12.63,0.0001, -----, Finder, P
Kepler-1258 b, 2018/03/09 11:50, 2018/03/09 12:49, 2018/03/09 12:49, 2018/03/09 14:4,6     15.,4 N/A SUN,0.003,0.251, ----,- 12.76,12.39,12.38,0.0001, -----, Finder, P
Kepler-915 b,2018/03/10 09:16,2018/03/10 11:33,2018/03/10 07:17,2018/03/10 10:08,14.7, OBJ N/A,0.301,0.401,-----,12.35,12.1,12.04,0.0001,-----,Finder,P
Kepler-780 b,2018/03/10 08:45,2018/03/10 10:35,2018/03/10 07:51,2018/03/10 09:40,8.8, OBJ N/A,0.504,0.502,-----,12.21,11.89,11.82,0.0001,-----,Finder,P
Kepler-757 b,2018/03/10 09:52,2018/03/10 10:48,2018/03/10 08:48,2018/03/10 10:08,11.5, OBJ N/A,0.199,0.349,-----,13.5,13.16,13.04,0.0001,-----,Finder,P
Kepler-1055 b, 2018/03/10 09:18, 2018/03/10 11:50, 2018/03/10 09:22, 2018/03/10 11:0,1      7.,2 OBJ N/A,1,0.769, ----,- 11.96,11.63,11.57,0.0001, -----, Finder, P
Kepler-1081 b, 2018/03/10 10:00, 2018/03/10 12:48, 2018/03/10 11:00, 2018/03/10 12:5,9     12.,0 N/A SUN,0.905,0.702, ----,- 12.39,11.99,11.91,0.0001, -----, Finder, P
Kepler-1351 b, 2018/03/10 11:01, 2018/03/10 12:48, 2018/03/10 11:36, 2018/03/10 12:4,5     10.,0 N/A SUN,1,0.771, ----,- 12.22,11.57,11.47,0.0001, -----, Finder, P
Kepler-605 c,2018/03/10 10:50,2018/03/10 12:48,2018/03/10 11:39,2018/03/10 13:17,17.1, N/A SUN,0.704,0.602,-----,12.87,12.5,12.42,0.0001,-----,Finder,P
Kepler-1559 b, 2018/03/10 11:16, 2018/03/10 12:48, 2018/03/10 12:05, 2018/03/10 13:4,3     18.,7 N/A SUN,0.437,0.469, ----,- 13.15,12.73,12.63,0.0001, -----, Finder, P
Kepler-908 b,2018/03/10 11:23,2018/03/10 12:48,2018/03/10 12:11,2018/03/10 13:48,7, N/A SUN,0.376,0.438,-----,10.41,10.04,9.99,0.0001,-----,Finder,P
Kepler-1340 b, 2018/03/10 11:20, 2018/03/10 12:48, 2018/03/10 12:12, 2018/03/10 13:5,6     11.,6 N/A SUN,0.343,0.421, ----,- 13.56,13.28,13.24,0.0001, -----, Finder, P
Kepler-1258 b, 2018/03/10 11:28, 2018/03/10 12:48, 2018/03/10 12:27, 2018/03/10 14:2,4     15.,4 N/A SUN,0.177,0.339, ----,- 12.76,12.39,12.38,0.0001, -----, Finder, P
Kepler-160 b,2018/03/04 09:36,2018/03/04 11:48,2018/03/04 07:16,2018/03/04 10:17,18.6, OBJ N/A,0.226,0.363,-----,13.46,13.1,13.05,0,-----,Finder,P
Kepler-153 b,2018/03/04 09:00,2018/03/04 12:53,2018/03/04 08:16,2018/03/04 11:21,9.6, OBJ N/A,0.762,0.631,-----,12.95,12.48,12.42,0,-----,Finder,P
Kepler-194 b,2018/03/04 09:39,2018/03/04 11:52,2018/03/04 08:20,2018/03/04 10:41,18, OBJ N/A,0.438,0.469,-----,13.78,13.45,13.51,0,-----,Finder,P
Kepler-156 b,2018/03/04 09:59,2018/03/04 11:46,2018/03/04 09:24,2018/03/04 10:59,7.5, OBJ N/A,0.63,0.565,-----,12.73,12.26,12.15,0,-----,Finder,P
Kepler-360 c,2018/03/04 09:37,2018/03/04 12:26,2018/03/04 10:19,2018/03/04 11:43,19, N/A N/A,1,1,-----,13.64,13.3,13.23,0,-----,Finder,P
Kepler-107 c,2018/03/04 09:58,2018/03/04 12:55,2018/03/04 10:54,2018/03/04 15:06,15.3, OBJ SUN,0.479,0.35,-----,11.39,11.11,11.06,0,-----,Finder,P
Kepler-227 b,2018/03/04 09:38,2018/03/04 12:55,2018/03/04 11:02,2018/03/04 14:09,19.1, OBJ SUN,0.603,0.526,-----,14.08,13.75,13.65,0,-----,Finder,P
Kepler-322 b,2018/03/04 10:26,2018/03/04 12:55,2018/03/04 11:16,2018/03/04 12:56,17.1, N/A SUN,0.987,0.744,-----,12.25,11.87,11.84,0,-----,Finder,P
Kepler-198 b,2018/03/04 09:59,2018/03/04 12:55,2018/03/04 11:18,2018/03/04 15:47,9.1, OBJ SUN,0.361,0.328,-----,12.42,12.07,12.03,0,-----,Finder,P
 Kepler-49 d,2018/03/04 10:46,2018/03/04 12:55,2018/03/04 11:34,2018/03/04 13:10,5.4, N/A SUN,0.842,0.671,-----,13.18,12.49,12.38,0,-----,Finder,P
Kepler-360 b,2018/03/04 11:02,2018/03/04 12:55,2018/03/04 12:11,2018/03/04 14:30,17.2, N/A SUN,0.316,0.408,-----,13.64,13.3,13.23,0,-----,Finder,P
Kepler-1352 b, 2018/03/04 11:29, 2018/03/04 12:55, 2018/03/04 12:39, 2018/03/04 14:5,9     18.,7 N/A SUN,0.112,0.306, ----,- 12.25,11.96,11.92,0, -----, Finder, P
Kepler-211 c,2018/03/05 09:22,2018/03/05 10:58,2018/03/05 07:53,2018/03/05 09:57,12.3, OBJ N/A,0.278,0.389,-----,11.93,11.49,11.45,0,-----,Finder,P
Kepler-181 b,2018/03/05 09:45,2018/03/05 10:55,2018/03/05 08:05,2018/03/05 09:58,19.5, OBJ N/A,0.116,0.308,-----,13.36,12.95,12.88,0,-----,Finder,P
Kepler-314 c,2018/03/05 10:02,2018/03/05 12:47,2018/03/05 08:38,2018/03/05 11:24,4, OBJ N/A,0.493,0.496,-----,11.24,10.85,10.78,0,-----,Finder,P
Kepler-219 c,2018/03/05 09:26,2018/03/05 12:54,2018/03/05 10:21,2018/03/05 16:09,15.5, OBJ SUN,0.439,0.298,-----,12.68,12.4,12.39,0,-----,Finder,P
Kepler-190 c,2018/03/05 10:00,2018/03/05 12:54,2018/03/05 10:47,2018/03/05 12:19,11.3, N/A SUN,1,0.939,-----,12.73,12.28,12.23,0,-----,Finder,P
Kepler-444 c,2018/03/05 09:57,2018/03/05 12:54,2018/03/05 11:05,2018/03/05 13:21,7.4, N/A SUN,0.802,0.651,8.86,7.24,6.77,6.7,0,-----,Finder,P
Kepler-398 b,2018/03/05 10:12,2018/03/05 12:54,2018/03/05 11:21,2018/03/05 13:38,12.7, N/A SUN,0.678,0.589,-----,11.51,10.93,10.79,0,-----,Finder,P
Kepler-121 b,2018/03/05 11:14,2018/03/05 12:54,2018/03/05 11:58,2018/03/05 13:27,4.4, N/A SUN,0.624,0.562,-----,13.32,12.89,12.8,0,-----,Finder,P
Kepler-323 b,2018/03/05 10:51,2018/03/05 12:54,2018/03/05 12:02,2018/03/05 14:23,8.4, N/A SUN,0.367,0.433,-----,11.69,11.42,11.35,0,-----,Finder,P
Kepler-207 d,2018/03/06 09:39,2018/03/06 11:39,2018/03/06 05:42,2018/03/06 09:40,7.1, OBJ N/A,0.002,0.251,-----,12.1,11.84,11.8,0,-----,Finder,P
Kepler-323 c,2018/03/06 09:55,2018/03/06 11:28,2018/03/06 06:54,2018/03/06 09:57,10.6, OBJ N/A,0.009,0.255,-----,11.69,11.42,11.35,0,-----,Finder,P
Kepler-207 b,2018/03/06 09:39,2018/03/06 11:29,2018/03/06 06:59,2018/03/06 09:59,17.6, OBJ N/A,0.111,0.306,-----,12.1,11.84,11.8,0,-----,Finder,P
Kepler-165 b,2018/03/06 08:47,2018/03/06 11:45,2018/03/06 07:27,2018/03/06 10:19,14.7, OBJ N/A,0.537,0.519,-----,13.43,12.93,12.84,0,-----,Finder,P
Kepler-205 b,2018/03/06 09:21,2018/03/06 10:26,2018/03/06 07:31,2018/03/06 09:28,3.4, OBJ N/A,0.055,0.277,-----,11.61,10.96,10.83,0,-----,Finder,P
Kepler-129 b,2018/03/06 09:05,2018/03/06 12:52,2018/03/06 08:01,2018/03/06 15:18,20, OBJ SUN,0.521,0.261,-----,10.6,10.32,10.25,0,-----,Finder,P
Kepler-326 d,2018/03/06 09:46,2018/03/06 10:58,2018/03/06 08:31,2018/03/06 10:09,16, OBJ N/A,0.23,0.365,-----,12.23,11.78,11.67,0,-----,Finder,P
Kepler-1087 b, 2018/03/06 09:49, 2018/03/06 11:33, 2018/03/06 09:16, 2018/03/06 10:4,7     11.,0 OBJ N/A,0.642,0.571, ----,- 11.66,11.31,11.21,0, -----, Finder, P
Kepler-398 c,2018/03/06 09:50,2018/03/06 12:52,2018/03/06 09:41,2018/03/06 13:02,19.4, OBJ SUN,0.911,0.456,-----,11.51,10.93,10.79,0,-----,Finder,P
Kepler-1352 b, 2018/03/06 09:24, 2018/03/06 12:52, 2018/03/06 09:43, 2018/03/06 12:0,3     18.,8 OBJ SUN,1,0.747, ----,- 12.25,11.96,11.92,0, -----, Finder, P
 Kepler-75 b,2018/03/06 09:58,2018/03/06 12:35,2018/03/06 09:46,2018/03/06 11:38,1.1, OBJ N/A,0.896,0.698,-----,13.66,13.26,13.12,0,-----,Finder,P
Kepler-164 c,2018/03/06 09:15,2018/03/06 12:52,2018/03/06 10:02,2018/03/06 13:02,12.3, OBJ SUN,0.947,0.602,-----,13.25,13.01,12.94,0,-----,Finder,P
Kepler-194 b,2018/03/06 09:31,2018/03/06 12:52,2018/03/06 10:33,2018/03/06 12:54,18, OBJ SUN,0.99,0.713,-----,13.78,13.45,13.51,0,-----,Finder,P
Kepler-138 b,2018/03/06 10:09,2018/03/06 12:52,2018/03/06 11:06,2018/03/06 13:01,16.4, N/A SUN,0.923,0.712,-----,10.29,9.68,9.51,0,-----,Finder,P
Kepler-220 c,2018/03/06 11:47,2018/03/06 12:52,2018/03/06 12:32,2018/03/06 14:01,4.6, N/A SUN,0.233,0.367,-----,11.21,10.67,10.55,0,-----,Finder,P
Kepler-222 c,2018/03/06 11:41,2018/03/06 12:52,2018/03/06 12:32,2018/03/06 14:15,5.1, N/A SUN,0.195,0.347,-----,13.72,13.34,13.23,0,-----,Finder,P
Kepler-322 c,2018/03/06 11:24,2018/03/06 12:52,2018/03/06 12:38,2018/03/06 15:05,9.8, N/A SUN,0.1,0.3,-----,12.25,11.87,11.84,0,-----,Finder,P
Kepler-653 c,2018/03/06 12:10,2018/03/06 12:52,2018/03/06 12:51,2018/03/06 14:15,19.4, N/A SUN,0.014,0.257,-----,12.19,11.87,11.79,0,-----,Finder,P
Kepler-197 b,2018/03/07 09:32,2018/03/07 12:49,2018/03/07 07:17,2018/03/07 10:58,19.1, OBJ N/A,0.389,0.445,-----,10.81,10.58,10.54,0,-----,Finder,P
Kepler-235 b,2018/03/07 09:27,2018/03/07 10:48,2018/03/07 07:55,2018/03/07 09:50,7, OBJ N/A,0.202,0.351,-----,13.95,13.28,13.12,0,-----,Finder,P
Kepler-119 b,2018/03/07 09:58,2018/03/07 11:52,2018/03/07 08:01,2018/03/07 10:35,1.9, OBJ N/A,0.242,0.371,-----,13,12.64,12.58,0,-----,Finder,P
Kepler-114 b,2018/03/07 09:35,2018/03/07 11:44,2018/03/07 08:05,2018/03/07 10:31,10.9, OBJ N/A,0.383,0.442,-----,12.04,11.47,11.37,0,-----,Finder,P
Kepler-1141 b, 2018/03/07 09:22, 2018/03/07 10:43, 2018/03/07 08:37, 2018/03/07 10:0,1     11.,0 OBJ N/A,0.466,0.483, ----,- 11.34,11.04,10.97,0, -----, Finder, P
 Kepler-55 d,2018/03/07 09:11,2018/03/07 11:45,2018/03/07 09:17,2018/03/07 10:56,8.4, OBJ N/A,1,0.779,-----,13.97,13.36,13.29,0,-----,Finder,P
Kepler-137 b,2018/03/07 09:02,2018/03/07 12:51,2018/03/07 09:38,2018/03/07 12:51,9.9, OBJ SUN,1,0.595,-----,11.65,11.23,11.16,0,-----,Finder,P
Kepler-369 b,2018/03/07 09:34,2018/03/07 11:21,2018/03/07 09:48,2018/03/07 10:50,14.4, OBJ N/A,1,0.857,-----,13.25,12.59,12.39,0,-----,Finder,P
Kepler-215 d,2018/03/07 09:47,2018/03/07 12:51,2018/03/07 09:55,2018/03/07 12:38,13.8, OBJ SUN,1,0.565,-----,12.42,12.06,12,0,-----,Finder,P
Kepler-653 c,2018/03/07 09:46,2018/03/07 12:33,2018/03/07 10:28,2018/03/07 11:51,19.4, N/A N/A,1,1,-----,12.19,11.87,11.79,0,-----,Finder,P
Kepler-120 b,2018/03/07 09:49,2018/03/07 12:51,2018/03/07 11:17,2018/03/07 14:11,6, N/A SUN,0.543,0.521,-----,13.02,12.42,12.31,0,-----,Finder,P
Kepler-146 b,2018/03/07 10:00,2018/03/07 12:51,2018/03/07 11:50,2018/03/07 17:02,11.8, OBJ SUN,0.196,0.274,-----,12.74,12.47,12.47,0,-----,Finder,P
Kepler-258 b,2018/03/07 10:23,2018/03/07 12:51,2018/03/07 12:06,2018/03/07 15:31,6.7, N/A SUN,0.223,0.362,-----,13.56,13.09,12.96,0,-----,Finder,P
 Kepler-83 d,2018/03/07 11:11,2018/03/07 12:51,2018/03/07 12:15,2018/03/07 14:25,14.4, N/A SUN,0.277,0.388,-----,13.74,13.08,12.95,0,-----,Finder,P
Kepler-140 b,2018/03/07 11:02,2018/03/07 12:51,2018/03/07 12:31,2018/03/07 15:30,11.4, N/A SUN,0.113,0.306,-----,11.99,11.76,11.71,0,-----,Finder,P
Kepler-111 b,2018/03/08 09:31,2018/03/08 10:57,2018/03/08 06:48,2018/03/08 09:34,8.4, OBJ N/A,0.015,0.257,-----,12.41,12.11,12.11,0,-----,Finder,P
Kepler-217 b,2018/03/08 09:32,2018/03/08 12:50,2018/03/08 07:36,2018/03/08 11:37,16.5, OBJ SUN,0.517,0.411,-----,12.32,12.18,12.1,0,-----,Finder,P
Kepler-653 c,2018/03/08 08:48,2018/03/08 10:10,2018/03/08 08:04,2018/03/08 09:28,19.4, OBJ N/A,0.478,0.489,-----,12.19,11.87,11.79,0,-----,Finder,P
Kepler-126 b,2018/03/08 09:23,2018/03/08 12:50,2018/03/08 09:22,2018/03/08 14:11,12.4, OBJ SUN,0.716,0.358,-----,9.62,9.41,9.34,0,-----,Finder,P
Kepler-316 b,2018/03/08 09:29,2018/03/08 12:13,2018/03/08 10:08,2018/03/08 11:31,12.6, OBJ N/A,1,0.982,-----,13.32,12.68,12.54,0,-----,Finder,P
Kepler-179 b,2018/03/08 09:51,2018/03/08 12:50,2018/03/08 10:27,2018/03/08 12:26,13.6, OBJ SUN,1,0.753,-----,13.28,12.87,12.75,0,-----,Finder,P
Kepler-185 b,2018/03/08 10:18,2018/03/08 12:50,2018/03/08 11:05,2018/03/08 12:38,14.4, N/A SUN,1,0.814,-----,13.05,12.59,12.52,0,-----,Finder,P
Kepler-218 b,2018/03/08 09:42,2018/03/08 12:50,2018/03/08 11:12,2018/03/08 14:13,14.3, OBJ SUN,0.542,0.52,-----,12.73,12.39,12.31,0,-----,Finder,P
Kepler-1087 b, 2018/03/08 10:28, 2018/03/08 12:50, 2018/03/08 11:13, 2018/03/08 12:4,5     11.,1 N/A SUN,1,0.779, ----,- 11.66,11.31,11.21,0, -----, Finder, P
Kepler-181 b,2018/03/08 10:27,2018/03/08 12:50,2018/03/08 11:24,2018/03/08 13:17,19.5, N/A SUN,0.764,0.632,-----,13.36,12.95,12.88,0,-----,Finder,P
Kepler-135 b,2018/03/08 09:42,2018/03/08 12:50,2018/03/08 11:25,2018/03/08 15:22,12.4, OBJ SUN,0.36,0.397,-----,11.72,11.51,11.46,0,-----,Finder,P
Kepler-326 b,2018/03/08 10:42,2018/03/08 12:50,2018/03/08 11:44,2018/03/08 13:48,8.4, N/A SUN,0.531,0.515,-----,12.23,11.78,11.67,0,-----,Finder,P
Kepler-195 b,2018/03/08 10:56,2018/03/08 12:50,2018/03/08 12:30,2018/03/08 15:39,11.2, N/A SUN,0.106,0.303,-----,13.53,13.05,12.96,0,-----,Finder,P
Kepler-194 b,2018/03/08 11:35,2018/03/08 12:50,2018/03/08 12:46,2018/03/08 15:07,18, N/A SUN,0.031,0.266,-----,13.78,13.45,13.51,0,-----,Finder,P
Kepler-126 d,2018/03/09 09:19,2018/03/09 12:49,2018/03/09 02:19,2018/03/09 13:09,11.5, OBJ SUN,0.322,0.161,-----,9.62,9.41,9.34,0,-----,Finder,P
Kepler-192 c,2018/03/09 09:10,2018/03/09 12:49,2018/03/09 06:46,2018/03/09 11:43,16.7, OBJ SUN,0.515,0.369,-----,12.89,12.51,12.43,0,-----,Finder,P
Kepler-304 b,2018/03/09 09:49,2018/03/09 10:46,2018/03/09 08:04,2018/03/09 09:52,2.9, OBJ N/A,0.024,0.262,-----,13.24,12.75,12.63,0,-----,Finder,P
Kepler-107 c,2018/03/09 09:39,2018/03/09 12:49,2018/03/09 08:32,2018/03/09 12:44,15.3, OBJ SUN,0.735,0.377,-----,11.39,11.11,11.06,0,-----,Finder,P
Kepler-148 b,2018/03/09 09:14,2018/03/09 11:19,2018/03/09 08:41,2018/03/09 10:27,10.9, OBJ N/A,0.69,0.595,-----,13.9,13.53,13.36,0,-----,Finder,P
Kepler-156 b,2018/03/09 09:40,2018/03/09 11:08,2018/03/09 08:46,2018/03/09 10:21,7.5, OBJ N/A,0.431,0.466,-----,12.73,12.26,12.15,0,-----,Finder,P
Kepler-155 b,2018/03/09 08:56,2018/03/09 12:22,2018/03/09 08:49,2018/03/09 11:11,6.3, OBJ N/A,0.952,0.726,-----,12.53,11.89,11.8,0,-----,Finder,P
Kepler-257 b,2018/03/09 09:46,2018/03/09 11:35,2018/03/09 08:52,2018/03/09 10:41,11.7, OBJ N/A,0.504,0.502,-----,13.92,13.45,13.37,0,-----,Finder,P
Kepler-304 c,2018/03/09 09:49,2018/03/09 10:33,2018/03/09 08:53,2018/03/09 10:00,6.2, OBJ N/A,0.156,0.328,-----,13.24,12.75,12.63,0,-----,Finder,P
Kepler-216 b,2018/03/09 09:32,2018/03/09 12:49,2018/03/09 08:53,2018/03/09 13:56,18.8, OBJ SUN,0.651,0.326,-----,12.96,12.7,12.62,0,-----,Finder,P
Kepler-327 c,2018/03/09 09:33,2018/03/09 12:26,2018/03/09 09:14,2018/03/09 11:22,17.2, OBJ N/A,0.854,0.677,-----,12.79,12.11,11.96,0,-----,Finder,P
Kepler-322 b,2018/03/09 09:30,2018/03/09 12:49,2018/03/09 10:20,2018/03/09 12:01,17.2, N/A SUN,1,0.991,-----,12.25,11.87,11.84,0,-----,Finder,P
Kepler-107 e,2018/03/09 09:39,2018/03/09 12:49,2018/03/09 10:28,2018/03/09 17:03,10.8, OBJ SUN,0.356,0.241,-----,11.39,11.11,11.06,0,-----,Finder,P
Kepler-225 c,2018/03/09 09:22,2018/03/09 12:49,2018/03/09 10:50,2018/03/09 14:07,18.8, OBJ SUN,0.605,0.527,-----,14.03,13.34,13.25,0,-----,Finder,P
Kepler-152 b,2018/03/09 09:15,2018/03/09 12:49,2018/03/09 10:50,2018/03/09 14:36,5.8, OBJ SUN,0.526,0.474,-----,12.85,12.49,12.3,0,-----,Finder,P
Kepler-127 c,2018/03/09 08:58,2018/03/09 12:49,2018/03/09 11:47,2018/03/09 18:54,11.4, OBJ SUN,0.145,0.271,-----,10.54,10.3,10.23,0,-----,Finder,P
Kepler-229 b,2018/03/09 10:51,2018/03/09 12:49,2018/03/09 12:10,2018/03/09 14:48,15.6, N/A SUN,0.246,0.373,-----,14.36,13.87,13.79,0,-----,Finder,P
Kepler-207 b,2018/03/09 10:52,2018/03/09 12:49,2018/03/09 12:21,2018/03/09 15:21,17.6, N/A SUN,0.153,0.326,-----,12.1,11.84,11.8,0,-----,Finder,P
Kepler-326 c,2018/03/09 11:30,2018/03/09 12:49,2018/03/09 12:34,2018/03/09 14:43,10.3, N/A SUN,0.113,0.306,-----,12.23,11.78,11.67,0,-----,Finder,P
Kepler-184 b,2018/03/10 09:29,2018/03/10 11:08,2018/03/10 06:19,2018/03/10 09:32,10.9, OBJ N/A,0.015,0.257,-----,13.1,12.75,12.69,0,-----,Finder,P
Kepler-107 b,2018/03/10 09:35,2018/03/10 11:35,2018/03/10 06:20,2018/03/10 09:50,16.3, OBJ N/A,0.071,0.286,-----,11.39,11.11,11.06,0,-----,Finder,P
Kepler-139 b,2018/03/10 08:49,2018/03/10 12:48,2018/03/10 06:43,2018/03/10 11:48,10.9, OBJ SUN,0.588,0.393,-----,11.53,11.22,11.17,0,-----,Finder,P
Kepler-241 b,2018/03/10 09:38,2018/03/10 12:11,2018/03/10 07:31,2018/03/10 10:38,12.8, OBJ N/A,0.321,0.41,-----,13.61,13.06,12.88,0,-----,Finder,P
Kepler-910 b,2018/03/10 09:46,2018/03/10 12:33,2018/03/10 07:37,2018/03/10 10:54,17.9, OBJ N/A,0.346,0.423,-----,10.63,10.38,10.33,0,-----,Finder,P
Kepler-208 b,2018/03/10 09:38,2018/03/10 12:48,2018/03/10 08:09,2018/03/10 11:28,19.8, OBJ SUN,0.553,0.478,-----,12.55,12.31,12.21,0,-----,Finder,P
Kepler-179 c,2018/03/10 09:43,2018/03/10 11:11,2018/03/10 08:25,2018/03/10 10:15,12.3, OBJ N/A,0.296,0.398,-----,13.28,12.87,12.75,0,-----,Finder,P
Kepler-319 b,2018/03/10 09:25,2018/03/10 11:59,2018/03/10 08:41,2018/03/10 10:53,9.8, OBJ N/A,0.669,0.585,-----,12.63,12.31,12.21,0,-----,Finder,P
Kepler-249 b,2018/03/10 09:47,2018/03/10 12:21,2018/03/10 09:42,2018/03/10 11:28,14.2, OBJ N/A,0.949,0.725,-----,12.84,12.15,11.97,0,-----,Finder,P
Kepler-157 b,2018/03/10 09:36,2018/03/10 12:48,2018/03/10 09:49,2018/03/10 12:01,16.3, OBJ SUN,1,0.73,-----,12.94,12.63,12.57,0,-----,Finder,P
Kepler-120 c,2018/03/10 09:22,2018/03/10 12:48,2018/03/10 10:18,2018/03/10 13:45,16.2, OBJ SUN,0.726,0.496,-----,13.02,12.42,12.31,0,-----,Finder,P
Kepler-169 e,2018/03/10 09:22,2018/03/10 12:48,2018/03/10 10:49,2018/03/10 13:44,11.5, N/A SUN,0.677,0.588,-----,12.73,12.28,12.19,0,-----,Finder,P
Kepler-169 b,2018/03/10 11:13,2018/03/10 12:48,2018/03/10 12:17,2018/03/10 14:25,18.9, N/A SUN,0.243,0.372,-----,12.73,12.28,12.19,0,-----,Finder,P
Kepler-126 c,2018/03/10 09:59,2018/03/10 12:48,2018/03/10 12:43,2018/03/10 18:12,17.7, N/A SUN,0.014,0.257,-----,9.62,9.41,9.34,0,-----,Finder,P
